user_id;longitude;latitude;accuracy;tracked_at
0;7.0389004;47.0516249;0.0;2019-01-25 20:00:16.178999901
0;7.038636;47.0514312;0.0;2019-01-25 20:00:24.964999914
0;7.038471899999999;47.051311;0.0;2019-01-25 20:00:31.396000147
0;7.0349648;47.04712429999999;0.0;2019-01-25 20:00:37.710999966
0;7.0337231;47.0462461;48.0;2019-01-25 20:00:40.000000000
0;7.0331220000000005;47.04581339999999;48.0;2019-01-25 20:00:41.000000000
0;7.032660099999999;47.045491600000005;48.0;2019-01-25 20:00:43.000000000
0;7.0311306;47.04444;48.0;2019-01-25 20:00:45.000000000
0;7.0303845;47.0440459;32.0;2019-01-25 20:00:47.000000000
0;7.0297826;47.0437704;32.0;2019-01-25 20:00:49.000000000
0;7.0293632;47.043595399999994;48.0;2019-01-25 20:00:51.000000000
0;7.0288012;47.043297499999994;48.0;2019-01-25 20:00:53.000000000
0;7.0283745;47.0430724;48.0;2019-01-25 20:00:55.000000000
0;7.027934200000001;47.0428412;48.0;2019-01-25 20:00:57.000000000
0;7.027211200000001;47.0424229;48.0;2019-01-25 20:00:59.000000000
0;7.0265881;47.0420071;48.0;2019-01-25 20:01:01.000000000
0;7.026141099999999;47.041662200000005;48.0;2019-01-25 20:01:03.000000000
0;7.0258329;47.041374100000006;48.0;2019-01-25 20:01:05.000000000
0;7.025568499999999;47.041095500000004;48.0;2019-01-25 20:01:07.000000000
0;7.0253614;47.0408289;48.0;2019-01-25 20:01:09.000000000
0;7.025067900000001;47.0404523;64.0;2019-01-25 20:01:11.000000000
0;7.024741199999999;47.0399797;64.0;2019-01-25 20:01:13.000000000
0;7.0242668;47.0392942;32.0;2019-01-25 20:01:15.000000000
0;7.0239419000000005;47.038829299999996;32.0;2019-01-25 20:01:16.000000000
0;7.0225113;47.0375236;48.0;2019-01-25 20:01:24.000000000
0;7.0220228;47.0370777;48.0;2019-01-25 20:01:28.289000034
0;7.0218490000000005;47.03691920000001;48.0;2019-01-25 20:01:36.378999949
0;7.021745599999999;47.0368248;48.0;2019-01-25 20:01:42.674000025
0;7.0181632;47.0359561;64.0;2019-01-25 20:01:44.000000000
0;7.016647900000001;47.0355111;64.0;2019-01-25 20:01:45.000000000
0;7.015817500000001;47.0352544;64.0;2019-01-25 20:01:46.000000000
0;7.0152094;47.0350606;64.0;2019-01-25 20:01:47.000000000
0;7.0147631;47.0349094;64.0;2019-01-25 20:01:48.000000000
0;7.014162299999999;47.034696999999994;64.0;2019-01-25 20:01:49.000000000
0;7.013681;47.0344843;64.0;2019-01-25 20:01:51.000000000
0;7.0130299;47.034135799999994;64.0;2019-01-25 20:01:53.000000000
0;7.0125099;47.033862899999995;64.0;2019-01-25 20:01:54.000000000
0;7.0121419000000005;47.0336401;64.0;2019-01-25 20:01:55.000000000
0;7.0117148;47.033302299999995;64.0;2019-01-25 20:01:56.000000000
0;7.0113635;47.033011;64.0;2019-01-25 20:01:57.000000000
0;7.0110542;47.032742799999994;64.0;2019-01-25 20:01:58.000000000
0;7.0107927;47.032514;64.0;2019-01-25 20:01:59.000000000
0;7.010552900000001;47.032301200000006;64.0;2019-01-25 20:02:00.000000000
0;7.0103287;47.0320989;64.0;2019-01-25 20:02:01.000000000
0;7.0097072;47.0315386;64.0;2019-01-25 20:02:13.410000086
0;7.0097072;47.0315386;64.0;2019-01-25 20:02:19.871000051
0;7.0097072;47.0315386;64.0;2019-01-25 20:02:25.265000105
0;7.0097072;47.0315386;64.0;2019-01-25 20:02:30.309000015
0;7.0097072;47.0315386;64.0;2019-01-25 20:02:35.285000086
0;7.0097072;47.0315386;64.0;2019-01-25 20:02:40.404999971
0;7.0097072;47.0315386;64.0;2019-01-25 20:02:45.529999970
0;7.0097072;47.0315386;64.0;2019-01-25 20:02:50.546000004
0;7.0097072;47.0315386;64.0;2019-01-25 20:02:55.726000071
0;6.9862984;47.0150928;0.0;2019-01-25 20:03:08.492000103
0;6.9841045;47.0149598;0.0;2019-01-25 20:03:15.311000109
0;6.982941900000001;47.014644;96.0;2019-01-25 20:03:23.000000000
0;6.981420299999999;47.0142299;64.0;2019-01-25 20:03:24.000000000
0;6.9804680999999995;47.0139699;64.0;2019-01-25 20:03:25.000000000
0;6.9796842;47.0137198;64.0;2019-01-25 20:03:26.000000000
0;6.9792629;47.0135854;64.0;2019-01-25 20:03:25.865000010
0;6.978799799999999;47.01343320000001;64.0;2019-01-25 20:03:27.000000000
0;6.9782545;47.013234499999996;48.0;2019-01-25 20:03:28.000000000
0;6.9777207;47.013021200000004;48.0;2019-01-25 20:03:29.000000000
0;6.9771768;47.0128152;48.0;2019-01-25 20:03:30.000000000
0;6.9766941;47.0126535;48.0;2019-01-25 20:03:31.000000000
0;6.9762164;47.0124928;32.0;2019-01-25 20:03:32.000000000
0;6.975772500000001;47.0123355;32.0;2019-01-25 20:03:33.000000000
0;6.9753314;47.0121664;32.0;2019-01-25 20:03:34.000000000
0;6.9745769;47.0119178;24.0;2019-01-25 20:03:35.000000000
0;6.974189900000001;47.0117429;32.0;2019-01-25 20:03:36.000000000
0;6.9737186;47.011636700000004;32.0;2019-01-25 20:03:37.000000000
0;6.9732908;47.0114878;32.0;2019-01-25 20:03:38.000000000
0;6.972800500000001;47.0112772;32.0;2019-01-25 20:03:39.000000000
0;6.9723701;47.0111068;32.0;2019-01-25 20:03:40.000000000
0;6.9718967;47.0108684;32.0;2019-01-25 20:03:41.000000000
0;6.9714075;47.0106429;32.0;2019-01-25 20:03:42.000000000
0;6.9710003;47.0104576;32.0;2019-01-25 20:03:43.000000000
0;6.9706592999999994;47.010330700000004;32.0;2019-01-25 20:03:44.000000000
0;6.970242900000001;47.0101931;32.0;2019-01-25 20:03:45.000000000
0;6.969819;47.010035200000004;32.0;2019-01-25 20:03:46.000000000
0;6.9694669000000005;47.0099284;32.0;2019-01-25 20:03:47.000000000
0;6.968995;47.0097805;32.0;2019-01-25 20:03:48.000000000
0;6.9685779000000005;47.009606299999994;24.0;2019-01-25 20:03:49.000000000
0;6.968159599999999;47.009428799999995;24.0;2019-01-25 20:03:50.000000000
0;6.96775;47.00926389999999;16.0;2019-01-25 20:03:51.000000000
0;6.967355900000001;47.0090857;16.0;2019-01-25 20:03:52.000000000
0;6.966985;47.00904439999999;16.0;2019-01-25 20:03:53.000000000
0;6.9666065999999995;47.0088714;24.0;2019-01-25 20:03:54.000000000
0;6.966220799999999;47.008699;24.0;2019-01-25 20:03:55.000000000
0;6.965828;47.0085327;24.0;2019-01-25 20:03:56.000000000
0;6.965378299999999;47.008416600000004;24.0;2019-01-25 20:03:57.000000000
0;6.964953200000001;47.0082528;24.0;2019-01-25 20:03:58.000000000
0;6.9645713;47.00808;24.0;2019-01-25 20:03:59.000000000
0;6.9641784;47.0079141;32.0;2019-01-25 20:04:00.000000000
0;6.9638577999999995;47.0077445;32.0;2019-01-25 20:04:01.000000000
0;6.9634945;47.007524100000005;32.0;2019-01-25 20:04:02.000000000
0;6.9630948;47.0073571;32.0;2019-01-25 20:04:03.000000000
0;6.9626946;47.0071691;24.0;2019-01-25 20:04:04.000000000
0;6.9623868;47.006938500000004;24.0;2019-01-25 20:04:05.000000000
0;6.9620804000000005;47.0071289;24.0;2019-01-25 20:04:06.000000000
0;6.961725500000001;47.0070152;24.0;2019-01-25 20:04:07.000000000
0;6.961359799999999;47.006991;24.0;2019-01-25 20:04:08.000000000
0;6.9610322;47.0068024;24.0;2019-01-25 20:04:09.000000000
0;6.9607121;47.0066387;24.0;2019-01-25 20:04:10.000000000
0;6.9603677;47.0064686;24.0;2019-01-25 20:04:11.000000000
0;6.960137400000001;47.0063789;16.0;2019-01-25 20:04:12.000000000
0;6.959733099999999;47.0061097;16.0;2019-01-25 20:04:13.000000000
0;6.959382300000001;47.0058862;16.0;2019-01-25 20:04:14.000000000
0;6.9591339;47.00577;16.0;2019-01-25 20:04:15.000000000
0;6.958854;47.005652399999995;16.0;2019-01-25 20:04:16.000000000
0;6.9585585000000005;47.0055225;16.0;2019-01-25 20:04:17.000000000
0;6.9582527999999995;47.005437799999996;16.0;2019-01-25 20:04:18.000000000
0;6.957969800000001;47.005247499999996;24.0;2019-01-25 20:04:19.000000000
0;6.957694;47.0050346;24.0;2019-01-25 20:04:20.000000000
0;6.9574511;47.0048881;24.0;2019-01-25 20:04:21.000000000
0;6.9571958;47.0046681;24.0;2019-01-25 20:04:22.000000000
0;6.9569534;47.004475;24.0;2019-01-25 20:04:23.000000000
0;6.9567502999999995;47.00440029999999;24.0;2019-01-25 20:04:24.000000000
0;6.956603100000001;47.0042506;32.0;2019-01-25 20:04:25.000000000
0;6.956388900000001;47.004096999999994;32.0;2019-01-25 20:04:26.000000000
0;6.9561425;47.003982799999996;32.0;2019-01-25 20:04:27.000000000
0;6.9559443;47.0039003;24.0;2019-01-25 20:04:28.000000000
0;6.9556647;47.003779200000004;24.0;2019-01-25 20:04:29.000000000
0;6.9554803;47.0037435;24.0;2019-01-25 20:04:30.000000000
0;6.9552201;47.0036641;32.0;2019-01-25 20:04:31.000000000
0;6.954952499999999;47.003598100000005;32.0;2019-01-25 20:04:32.000000000
0;6.9547061;47.0034835;32.0;2019-01-25 20:04:33.000000000
0;6.954476799999999;47.003383899999996;32.0;2019-01-25 20:04:34.000000000
0;6.9542265;47.00327720000001;32.0;2019-01-25 20:04:35.000000000
0;6.9539769;47.0031905;32.0;2019-01-25 20:04:36.000000000
0;6.953731299999999;47.0031463;32.0;2019-01-25 20:04:37.000000000
0;6.953474900000001;47.0030618;32.0;2019-01-25 20:04:38.000000000
0;6.9532131999999995;47.0030202;32.0;2019-01-25 20:04:39.000000000
0;6.9529561;47.0029393;16.0;2019-01-25 20:04:40.000000000
0;6.9526663;47.002864200000005;16.0;2019-01-25 20:04:41.000000000
0;6.95241;47.002790999999995;24.0;2019-01-25 20:04:42.000000000
0;6.9521584;47.00271970000001;24.0;2019-01-25 20:04:43.000000000
0;6.9519409;47.002655299999994;24.0;2019-01-25 20:04:44.000000000
0;6.9517197;47.002599700000005;24.0;2019-01-25 20:04:45.000000000
0;6.951337;47.0025461;24.0;2019-01-25 20:04:46.000000000
0;6.951089200000001;47.002474299999996;24.0;2019-01-25 20:04:47.000000000
0;6.950892;47.0024086;24.0;2019-01-25 20:04:48.000000000
0;6.950576299999999;47.0023341;24.0;2019-01-25 20:04:49.000000000
0;6.950292599999999;47.0022706;24.0;2019-01-25 20:04:50.000000000
0;6.9500273;47.002209;32.0;2019-01-25 20:04:51.000000000
0;6.9497613;47.0021477;32.0;2019-01-25 20:04:52.000000000
0;6.949443;47.0020821;32.0;2019-01-25 20:04:53.000000000
0;6.949443;47.0020821;32.0;2019-01-25 20:05:06.692999840
0;6.949443;47.0020821;32.0;2019-01-25 20:05:13.631000042
0;6.949443;47.0020821;32.0;2019-01-25 20:05:23.914999962
0;6.949443;47.0020821;32.0;2019-01-25 20:05:30.387000084
0;6.949443;47.0020821;32.0;2019-01-25 20:05:35.424000025
0;6.9401470000000005;46.999134000000005;48.0;2019-01-25 20:05:41.000000000
0;6.9401470000000005;46.999134000000005;48.0;2019-01-25 20:05:40.427000046
0;6.9396553;46.9988028;48.0;2019-01-25 20:05:43.000000000
0;6.9395129;46.9987395;48.0;2019-01-25 20:05:44.000000000
0;6.9393629;46.9987108;48.0;2019-01-25 20:05:45.000000000
0;6.9390946;46.9988081;48.0;2019-01-25 20:05:46.000000000
0;6.9390115;46.9987646;48.0;2019-01-25 20:05:47.000000000
0;6.9390114;46.9989784;48.0;2019-01-25 20:05:48.000000000
0;6.938869900000001;46.9987757;48.0;2019-01-25 20:05:49.000000000
0;6.938756;46.9987285;48.0;2019-01-25 20:05:50.000000000
0;6.9387369;46.9987037;48.0;2019-01-25 20:05:51.000000000
0;6.9386231;46.9986371;48.0;2019-01-25 20:05:52.000000000
0;6.9384934000000005;46.9985454;64.0;2019-01-25 20:05:53.000000000
0;6.9383867;46.998484399999995;64.0;2019-01-25 20:05:54.000000000
0;6.9383022;46.99846470000001;64.0;2019-01-25 20:05:55.000000000
0;6.938225599999999;46.9984291;64.0;2019-01-25 20:05:56.000000000
0;6.9381247;46.99838870000001;64.0;2019-01-25 20:05:57.000000000
0;6.937989599999999;46.9982914;64.0;2019-01-25 20:05:58.000000000
0;6.937827799999999;46.998139;64.0;2019-01-25 20:06:03.000000000
0;6.9378079;46.9981235;64.0;2019-01-25 20:06:04.000000000
0;6.9377303;46.9980981;64.0;2019-01-25 20:06:05.000000000
0;6.937769;46.9981058;64.0;2019-01-25 20:06:06.000000000
0;6.9377481;46.9980979;64.0;2019-01-25 20:06:07.000000000
0;6.937734900000001;46.9980908;64.0;2019-01-25 20:06:08.000000000
0;6.937735400000001;46.998087100000006;64.0;2019-01-25 20:06:09.000000000
0;6.9377154999999995;46.99807979999999;64.0;2019-01-25 20:06:10.000000000
0;6.9376882;46.9980717;64.0;2019-01-25 20:06:11.000000000
0;6.9373132;46.9981098;0.0;2019-01-25 20:06:24.676000118
0;6.9373132;46.9981098;0.0;2019-01-25 20:06:31.349999905
0;6.9373132;46.9981098;0.0;2019-01-25 20:06:42.857000113
0;6.9373132;46.9981098;0.0;2019-01-25 20:06:54.432999849
0;6.9373132;46.9981098;0.0;2019-01-25 20:07:05.912000179
0;6.9386425;46.998275;0.0;2019-01-25 20:07:15.105000019
0;6.9373705;46.998127000000004;96.0;2019-01-25 20:07:18.000000000
0;6.937406;46.9981393;96.0;2019-01-25 20:07:19.000000000
0;6.9374473;46.9981534;96.0;2019-01-25 20:07:20.000000000
0;6.937486200000001;46.9981667;96.0;2019-01-25 20:07:20.131000042
0;6.937543700000001;46.9981838;64.0;2019-01-25 20:07:21.000000000
0;6.9375947;46.9981971;64.0;2019-01-25 20:07:22.000000000
0;6.937636599999999;46.9982071;96.0;2019-01-25 20:07:23.000000000
0;6.9376714999999995;46.998216;64.0;2019-01-25 20:07:24.000000000
0;6.9377076;46.998225;64.0;2019-01-25 20:07:25.000000000
0;6.9377512999999995;46.9982353;64.0;2019-01-25 20:07:26.000000000
0;6.937796400000001;46.998245399999995;64.0;2019-01-25 20:07:27.000000000
0;6.9377285;46.99818870000001;48.0;2019-01-25 20:07:28.000000000
0;6.937696000000001;46.9981623;48.0;2019-01-25 20:07:29.000000000
0;6.9376783;46.9981479;48.0;2019-01-25 20:07:30.000000000
0;6.9376637;46.9981363;48.0;2019-01-25 20:07:31.000000000
0;6.9376527999999995;46.9981299;64.0;2019-01-25 20:07:32.000000000
0;6.9376508;46.9981295;64.0;2019-01-25 20:07:33.000000000
0;6.9376675;46.998131;64.0;2019-01-25 20:07:34.000000000
0;6.937690700000001;46.9981278;64.0;2019-01-25 20:07:35.000000000
0;6.9377159;46.9981364;64.0;2019-01-25 20:07:36.000000000
0;6.937736200000001;46.9981489;64.0;2019-01-25 20:07:37.000000000
0;6.937746000000001;46.9981625;48.0;2019-01-25 20:07:38.000000000
0;6.9377495;46.9981791;48.0;2019-01-25 20:07:39.000000000
0;6.9377413;46.9981906;48.0;2019-01-25 20:07:40.000000000
0;6.937734299999999;46.9982024;48.0;2019-01-25 20:07:41.000000000
0;6.937730499999999;46.99821420000001;48.0;2019-01-25 20:07:42.000000000
0;6.9377281;46.9982263;64.0;2019-01-25 20:07:43.000000000
0;6.9377287;46.998239399999996;64.0;2019-01-25 20:07:44.000000000
0;6.937720599999999;46.9982451;64.0;2019-01-25 20:07:45.000000000
0;6.9377070000000005;46.9982464;64.0;2019-01-25 20:07:46.000000000
0;6.937692299999999;46.998250299999995;64.0;2019-01-25 20:07:47.000000000
0;6.9376781;46.9982551;96.0;2019-01-25 20:07:48.000000000
0;6.9376548;46.998255900000004;96.0;2019-01-25 20:07:49.000000000
0;6.9376295;46.9982535;96.0;2019-01-25 20:07:50.000000000
0;6.9376048;46.9982506;96.0;2019-01-25 20:07:51.000000000
0;6.9375812;46.9982465;96.0;2019-01-25 20:07:52.000000000
0;6.9375572;46.9982415;96.0;2019-01-25 20:07:53.000000000
0;6.9375341;46.99823610000001;96.0;2019-01-25 20:07:54.000000000
0;6.9375122000000005;46.99823060000001;96.0;2019-01-25 20:07:55.000000000
0;6.937491099999999;46.9982244;96.0;2019-01-25 20:07:56.000000000
0;6.9374652999999995;46.9982162;96.0;2019-01-25 20:07:57.000000000
0;6.9374387;46.9982076;96.0;2019-01-25 20:07:58.000000000
0;6.9374016;46.9981951;96.0;2019-01-25 20:07:59.000000000
0;6.937359900000001;46.9981804;96.0;2019-01-25 20:08:00.000000000
0;6.9373137;46.998163399999996;96.0;2019-01-25 20:08:01.000000000
0;6.9372622;46.9981445;96.0;2019-01-25 20:08:02.000000000
0;6.937206599999999;46.998124;96.0;2019-01-25 20:08:03.000000000
0;6.9371481;46.9981025;96.0;2019-01-25 20:08:04.000000000
0;6.9370913;46.998082399999994;96.0;2019-01-25 20:08:05.000000000
0;6.9370227;46.99806029999999;96.0;2019-01-25 20:08:06.000000000
0;6.9369508;46.998037700000005;96.0;2019-01-25 20:08:07.000000000
0;6.935853599999999;46.9976754;96.0;2019-01-25 20:08:14.000000000
0;6.9354394;46.997539700000004;96.0;2019-01-25 20:08:15.000000000
0;6.9351129;46.997412;96.0;2019-01-25 20:08:16.000000000
0;6.9348982;46.997321500000005;96.0;2019-01-25 20:08:17.000000000
0;6.9347325;46.99725479999999;96.0;2019-01-25 20:08:18.000000000
0;6.9346022;46.997209999999995;96.0;2019-01-25 20:08:19.000000000
0;6.934485499999999;46.9971703;96.0;2019-01-25 20:08:20.000000000
0;6.934369800000001;46.997122999999995;96.0;2019-01-25 20:08:21.000000000
0;6.9342561;46.9970875;96.0;2019-01-25 20:08:22.000000000
0;6.9341445;46.997050200000004;96.0;2019-01-25 20:08:23.000000000
0;6.9340378;46.99701470000001;96.0;2019-01-25 20:08:24.000000000
0;6.933928900000001;46.9969727;96.0;2019-01-25 20:08:25.000000000
0;6.9337781000000005;46.996917100000005;96.0;2019-01-25 20:08:27.000000000
0;6.9334074999999995;46.9967805;96.0;2019-01-25 20:08:40.357999802
0;6.9386425;46.998275;0.0;2019-01-25 20:08:46.772999763
0;6.928774900000001;46.994969700000006;0.0;2019-01-25 20:08:53.103999853
0;6.9287746;46.994961700000005;48.0;2019-01-25 20:08:55.000000000
0;6.928770500000001;46.9949533;48.0;2019-01-25 20:08:56.000000000
0;6.928758800000001;46.99494179999999;48.0;2019-01-25 20:08:58.000000000
0;6.928744999999999;46.9949281;48.0;2019-01-25 20:08:58.132999897
0;6.9287045;46.994899700000005;48.0;2019-01-25 20:09:00.000000000
0;6.921124000000001;46.9917977;0.0;2019-01-25 20:09:19.660000086
0;6.921252900000001;46.991939200000004;64.0;2019-01-25 20:09:21.000000000
0;6.921303699999999;46.9920411;64.0;2019-01-25 20:09:22.000000000
0;6.9211672;46.9921071;48.0;2019-01-25 20:09:24.000000000
0;6.9210828;46.9921479;48.0;2019-01-25 20:09:24.678999901
0;6.920847200000001;46.9921141;48.0;2019-01-25 20:09:26.000000000
0;6.920422099999999;46.9920172;48.0;2019-01-25 20:09:28.000000000
0;6.9198473;46.9918954;48.0;2019-01-25 20:09:30.000000000
0;6.9188948;46.991834999999995;48.0;2019-01-25 20:09:32.000000000
0;6.917566900000001;46.99133320000001;48.0;2019-01-25 20:09:34.000000000
0;6.9169396999999995;46.99103;48.0;2019-01-25 20:09:36.000000000
0;6.9164268;46.990611799999996;32.0;2019-01-25 20:09:38.000000000
0;6.915922500000001;46.990117100000006;48.0;2019-01-25 20:09:40.000000000
0;6.915737299999999;46.9898906;48.0;2019-01-25 20:09:42.000000000
0;6.9154208;46.9894787;48.0;2019-01-25 20:09:44.000000000
0;6.9151429;46.9891778;48.0;2019-01-25 20:09:46.000000000
0;6.914865600000001;46.98893029999999;32.0;2019-01-25 20:09:48.000000000
0;6.914588799999999;46.988712799999995;32.0;2019-01-25 20:09:50.000000000
0;6.914358;46.988585799999996;96.0;2019-01-25 20:09:52.000000000
0;6.914053200000001;46.988439899999996;48.0;2019-01-25 20:09:54.000000000
0;6.9123353000000005;46.9877164;48.0;2019-01-25 20:09:55.000000000
0;6.9121473;46.9877351;48.0;2019-01-25 20:09:56.000000000
0;6.9119729;46.9877001;48.0;2019-01-25 20:09:57.000000000
0;6.9117679999999995;46.987632399999995;48.0;2019-01-25 20:09:58.000000000
0;6.9115413;46.9875608;48.0;2019-01-25 20:09:59.000000000
0;6.911279400000001;46.9875106;48.0;2019-01-25 20:10:00.000000000
0;6.911005900000001;46.9874538;48.0;2019-01-25 20:10:01.000000000
0;6.9107259999999995;46.9873925;48.0;2019-01-25 20:10:02.000000000
0;6.9104444;46.987322999999996;48.0;2019-01-25 20:10:03.000000000
0;6.9101327999999995;46.9872406;48.0;2019-01-25 20:10:04.000000000
0;6.9098219;46.987159000000005;48.0;2019-01-25 20:10:05.000000000
0;6.9095002999999995;46.9870795;64.0;2019-01-25 20:10:06.000000000
0;6.9091834;46.9869975;64.0;2019-01-25 20:10:07.000000000
0;6.9082068;46.986745;64.0;2019-01-25 20:10:19.352999926
0;6.9082068;46.986745;64.0;2019-01-25 20:10:25.932000160
0;6.9082068;46.986745;64.0;2019-01-25 20:10:31.932000160
0;6.9082068;46.986745;64.0;2019-01-25 20:10:38.355000019
0;6.9082068;46.986745;64.0;2019-01-25 20:10:43.376000166
0;6.9082068;46.986745;64.0;2019-01-25 20:10:48.358999968
0;6.9082068;46.986745;64.0;2019-01-25 20:10:53.454999924
0;6.8997531;46.9820175;0.0;2019-01-25 20:10:58.589999914
0;6.9009742;46.9825539;0.0;2019-01-25 20:11:03.723999977
0;6.9009742;46.9825539;0.0;2019-01-25 20:11:08.752000093
0;6.877005099999999;46.9751527;0.0;2019-01-25 20:11:13.772999763
0;6.877005099999999;46.9751527;0.0;2019-01-25 20:11:18.783999920
0;6.871584299999999;46.9827991;0.0;2019-01-25 20:11:23.845999956
0;6.8609735;46.98099620000001;0.0;2019-01-25 20:11:28.898999929
0;6.8629095;46.98149;0.0;2019-01-25 20:11:33.922000170
0;6.871584299999999;46.9827991;0.0;2019-01-25 20:11:39.052000046
0;6.9082068;46.986745;64.0;2019-01-25 20:11:44.184000015
0;6.9082068;46.986745;64.0;2019-01-25 20:11:49.186000109
0;6.881952900000001;46.9760749;0.0;2019-01-25 20:11:54.352999926
0;6.9082068;46.986745;64.0;2019-01-25 20:11:59.366000175
0;6.881952900000001;46.9760749;0.0;2019-01-25 20:12:04.519999981
0;6.8584312999999995;46.9689491;0.0;2019-01-25 20:12:09.616000175
0;6.8584312999999995;46.9689491;0.0;2019-01-25 20:12:15.108999968
0;6.868098900000001;46.968368700000006;0.0;2019-01-25 20:12:20.156000137
0;6.8519105;46.967510499999996;0.0;2019-01-25 20:12:24.732000113
0;6.8567094;46.9678326;0.0;2019-01-25 20:12:29.833999872
0;6.8531727;46.957677600000004;0.0;2019-01-25 20:12:36.027000189
0;6.8531727;46.957677600000004;0.0;2019-01-25 20:12:41.007000208
0;6.8531727;46.957677600000004;0.0;2019-01-25 20:12:47.498999834
0;6.8469675;46.9665869;0.0;2019-01-25 20:12:52.454999924
0;6.8446489;46.9554444;0.0;2019-01-25 20:12:59.002999783
0;6.8531727;46.957677600000004;0.0;2019-01-25 20:13:04.277000189
0;6.8333476;46.958254700000005;0.0;2019-01-25 20:13:10.722999811
0;6.8446489;46.9554444;0.0;2019-01-25 20:13:15.928999901
0;6.8455129;46.9575268;0.0;2019-01-25 20:13:20.922999859
0;6.8531727;46.957677600000004;0.0;2019-01-25 20:13:26.022000074
0;6.8294567;46.945074299999995;0.0;2019-01-25 20:13:31.072999954
0;6.8294567;46.945074299999995;0.0;2019-01-25 20:13:36.196000099
0;6.8294567;46.945074299999995;0.0;2019-01-25 20:13:41.312999964
0;6.8531727;46.957677600000004;0.0;2019-01-25 20:13:46.352999926
0;6.8531727;46.957677600000004;0.0;2019-01-25 20:13:51.460999966
0;6.8243941999999995;46.9520553;0.0;2019-01-25 20:13:58.342999935
0;6.8243941999999995;46.9520553;0.0;2019-01-25 20:14:08.702000141
0;6.8243941999999995;46.9520553;0.0;2019-01-25 20:14:24.291000128
0;6.8243941999999995;46.9520553;0.0;2019-01-25 20:14:29.375000000
0;6.824724300000001;46.9389566;0.0;2019-01-25 20:14:34.394000053
0;6.825655599999999;46.9398153;0.0;2019-01-25 20:14:39.420000076
0;6.8243941999999995;46.9520553;0.0;2019-01-25 20:14:44.492000103
0;6.8243941999999995;46.9520553;0.0;2019-01-25 20:14:49.640000105
0;6.8199193;46.9310155;0.0;2019-01-25 20:14:54.762999773
0;6.8097993;46.9277989;0.0;2019-01-25 20:15:01.109999895
0;6.809642500000001;46.9275382;0.0;2019-01-25 20:15:04.872999907
0;6.8111916;46.9263561;0.0;2019-01-25 20:15:09.993999958
0;6.811616099999999;46.9235888;0.0;2019-01-25 20:15:21.521000146
0;6.8093174;46.926998;0.0;2019-01-25 20:15:26.517000197
0;6.8093174;46.926998;0.0;2019-01-25 20:15:31.567000151
0;6.8093174;46.926998;0.0;2019-01-25 20:15:36.626000166
0;6.8093174;46.926998;0.0;2019-01-25 20:15:41.728999853
0;6.8093174;46.926998;0.0;2019-01-25 20:15:53.272999763
0;6.8093174;46.926998;0.0;2019-01-25 20:15:58.276000023
0;6.8093174;46.926998;0.0;2019-01-25 20:16:04.732999802
0;6.8093174;46.926998;0.0;2019-01-25 20:16:09.832999945
0;6.8093174;46.926998;0.0;2019-01-25 20:16:16.309000015
0;6.8093174;46.926998;0.0;2019-01-25 20:16:21.416000128
0;6.8093174;46.926998;0.0;2019-01-25 20:16:26.368999958
0;6.8093174;46.926998;0.0;2019-01-25 20:16:31.407999992
0;6.8093174;46.926998;0.0;2019-01-25 20:16:36.559999943
0;6.8093174;46.926998;0.0;2019-01-25 20:16:41.644000053
0;6.8093174;46.926998;0.0;2019-01-25 20:16:46.787999868
0;6.8093174;46.926998;0.0;2019-01-25 20:16:51.787999868
0;6.8093174;46.926998;0.0;2019-01-25 20:16:56.900000095
0;6.8093174;46.926998;0.0;2019-01-25 20:17:01.924999952
0;6.8093174;46.926998;0.0;2019-01-25 20:17:08.382999897
0;6.8093174;46.926998;0.0;2019-01-25 20:17:13.447000027
0;6.8093103;46.9270193;0.0;2019-01-25 20:17:18.581000090
0;6.809311500000001;46.9270199;0.0;2019-01-25 20:17:23.602999926
0;6.7601884000000005;46.8794415;0.0;2019-01-25 20:17:28.619999886
0;6.7597606;46.8791624;0.0;2019-01-25 20:17:33.652000189
0;6.7597606;46.8791624;0.0;2019-01-25 20:17:38.666000128
0;6.8093174;46.926998;0.0;2019-01-25 20:17:43.782999992
0;6.7726717;46.890879;0.0;2019-01-25 20:17:48.815000057
0;6.7726717;46.890879;0.0;2019-01-25 20:17:53.831000090
0;6.7566239;46.8735651;0.0;2019-01-25 20:17:58.851000071
0;6.8093174;46.926998;0.0;2019-01-25 20:18:03.880000114
0;6.8093174;46.926998;0.0;2019-01-25 20:18:08.911000013
0;6.8093174;46.926998;0.0;2019-01-25 20:18:15.369999886
0;6.8093174;46.926998;0.0;2019-01-25 20:18:20.392999887
0;6.8093174;46.926998;0.0;2019-01-25 20:18:25.437000036
0;6.8093174;46.926998;0.0;2019-01-25 20:18:30.467000008
0;6.809304400000001;46.9270102;0.0;2019-01-25 20:18:36.357000113
0;6.7313385;46.8568;0.0;2019-01-25 20:18:41.353999853
0;6.7313385;46.8568;0.0;2019-01-25 20:18:46.440999985
0;6.7313385;46.8568;0.0;2019-01-25 20:18:51.496000051
0;6.7313385;46.8568;0.0;2019-01-25 20:18:57.266000032
0;6.7313385;46.8568;0.0;2019-01-25 20:19:02.345999956
0;6.7313385;46.8568;0.0;2019-01-25 20:19:07.397000074
0;6.7313385;46.8568;0.0;2019-01-25 20:19:12.532999992
0;6.7313385;46.8568;0.0;2019-01-25 20:19:17.577999830
0;6.7313385;46.8568;0.0;2019-01-25 20:19:22.708999872
0;6.701944900000001;46.8515305;0.0;2019-01-25 20:19:28.930999994
0;6.7087129;46.846570899999996;0.0;2019-01-25 20:19:34.292000055
0;6.7013872999999995;46.8445675;0.0;2019-01-25 20:19:39.327999830
0;6.701811200000001;46.8463675;0.0;2019-01-25 20:19:44.358999968
0;6.701811200000001;46.8463675;0.0;2019-01-25 20:19:49.412000179
0;6.701811200000001;46.8463675;0.0;2019-01-25 20:19:54.447999954
0;6.701811200000001;46.8463675;0.0;2019-01-25 20:19:59.477999926
0;6.701944900000001;46.8515305;0.0;2019-01-25 20:20:04.647999763
0;6.8093174;46.926998;0.0;2019-01-25 20:20:11.107999802
0;6.8093174;46.926998;0.0;2019-01-25 20:20:16.147000074
0;6.8093174;46.926998;0.0;2019-01-25 20:20:21.187000036
0;6.8093174;46.926998;0.0;2019-01-25 20:20:26.216000080
0;6.8093174;46.926998;0.0;2019-01-25 20:20:31.287999868
0;6.8093174;46.926998;0.0;2019-01-25 20:20:36.317999840
0;6.8093174;46.926998;0.0;2019-01-25 20:20:41.357000113
0;6.8093174;46.926998;0.0;2019-01-25 20:20:46.398999929
0;6.665229300000001;46.8287405;0.0;2019-01-25 20:20:51.421000004
0;6.6797844;46.8263154;64.0;2019-01-25 20:20:54.000000000
0;6.6795549;46.82610379999999;64.0;2019-01-25 20:20:55.000000000
0;6.679321000000001;46.825854799999995;48.0;2019-01-25 20:20:56.000000000
0;6.679083400000001;46.8255778;48.0;2019-01-25 20:20:57.000000000
0;6.678882400000001;46.8252971;48.0;2019-01-25 20:20:58.000000000
0;6.678250299999999;46.8246485;48.0;2019-01-25 20:20:59.000000000
0;6.6781745;46.8245024;48.0;2019-01-25 20:21:00.000000000
0;6.6779621;46.824281299999996;64.0;2019-01-25 20:21:01.000000000
0;6.6777219;46.824054499999995;64.0;2019-01-25 20:21:02.000000000
0;6.6774807;46.823828999999996;64.0;2019-01-25 20:21:03.000000000
0;6.6772043000000005;46.82357639999999;64.0;2019-01-25 20:21:04.000000000
0;6.6768961;46.823311499999996;64.0;2019-01-25 20:21:05.000000000
0;6.676558;46.823071;64.0;2019-01-25 20:21:06.000000000
0;6.6761284;46.822803799999996;64.0;2019-01-25 20:21:07.000000000
0;6.6756591;46.8225209;64.0;2019-01-25 20:21:08.000000000
0;6.6752402;46.822272600000005;64.0;2019-01-25 20:21:09.000000000
0;6.674878;46.822087599999996;64.0;2019-01-25 20:21:10.000000000
0;6.6745614;46.8219145;96.0;2019-01-25 20:21:11.000000000
0;6.6742414000000005;46.8217325;96.0;2019-01-25 20:21:12.000000000
0;6.673919199999999;46.82155170000001;96.0;2019-01-25 20:21:13.000000000
0;6.6736193;46.8213674;96.0;2019-01-25 20:21:14.000000000
0;6.6733082999999995;46.821193900000004;96.0;2019-01-25 20:21:15.000000000
0;6.6729974;46.8210218;96.0;2019-01-25 20:21:16.000000000
0;6.672686099999999;46.8208702;96.0;2019-01-25 20:21:17.000000000
0;6.671655900000001;46.8205109;96.0;2019-01-25 20:21:21.000000000
0;6.670785700000001;46.8201674;96.0;2019-01-25 20:21:22.000000000
0;6.6690823;46.819534999999995;48.0;2019-01-25 20:21:24.000000000
0;6.668209599999999;46.8191342;48.0;2019-01-25 20:21:26.000000000
0;6.6675283;46.8187662;32.0;2019-01-25 20:21:28.000000000
0;6.666943799999999;46.8185143;48.0;2019-01-25 20:21:30.000000000
0;6.666164500000001;46.8182131;48.0;2019-01-25 20:21:32.000000000
0;6.6640213;46.8176354;48.0;2019-01-25 20:21:36.000000000
0;6.6632020999999995;46.8175109;48.0;2019-01-25 20:21:38.000000000
0;6.6604334000000005;46.8164345;48.0;2019-01-25 20:21:40.000000000
0;6.659425200000001;46.815832799999995;48.0;2019-01-25 20:21:42.000000000
0;6.658671400000001;46.8153542;48.0;2019-01-25 20:21:44.000000000
0;6.658231599999999;46.8150561;64.0;2019-01-25 20:21:46.000000000
0;6.6577118;46.814745200000004;64.0;2019-01-25 20:21:48.000000000
0;6.657166;46.8144844;64.0;2019-01-25 20:21:50.000000000
0;6.6565009;46.814193200000005;64.0;2019-01-25 20:21:52.000000000
0;6.6557246;46.8138445;32.0;2019-01-25 20:21:54.000000000
0;6.6549762;46.8135229;48.0;2019-01-25 20:21:56.000000000
0;6.653583900000001;46.8129246;48.0;2019-01-25 20:22:11.386000156
0;6.653583900000001;46.8129246;48.0;2019-01-25 20:22:16.396000147
0;6.6472043;46.8095339;48.0;2019-01-25 20:22:19.000000000
0;6.6457199000000005;46.8087899;48.0;2019-01-25 20:22:20.000000000
0;6.645202799999999;46.808530700000006;48.0;2019-01-25 20:22:22.799000025
0;6.6432104999999995;46.80764620000001;48.0;2019-01-25 20:22:25.000000000
0;6.6413387;46.80670870000001;48.0;2019-01-25 20:22:26.000000000
0;6.640826799999999;46.8066672;32.0;2019-01-25 20:22:27.000000000
0;6.640566199999999;46.8065821;32.0;2019-01-25 20:22:28.000000000
0;6.640254400000001;46.8064836;32.0;2019-01-25 20:22:29.000000000
0;6.639448299999999;46.806064;32.0;2019-01-25 20:22:30.000000000
0;6.6389527;46.805789399999995;24.0;2019-01-25 20:22:31.000000000
0;6.6380467;46.805475200000004;24.0;2019-01-25 20:22:33.000000000
0;6.637416;46.8048545;12.0;2019-01-25 20:22:35.000000000
0;6.637013400000001;46.804725299999994;12.0;2019-01-25 20:22:36.000000000
0;6.635378200000001;46.8041714;12.0;2019-01-25 20:22:40.000000000
0;6.6345887999999995;46.8037787;12.0;2019-01-25 20:22:42.000000000
0;6.6342311;46.8036127;12.0;2019-01-25 20:22:43.000000000
0;6.6338894;46.803488200000004;12.0;2019-01-25 20:22:44.000000000
0;6.6335932;46.803332700000006;16.0;2019-01-25 20:22:45.000000000
0;6.6332452;46.8031446;16.0;2019-01-25 20:22:46.000000000
0;6.632948599999999;46.8029286;16.0;2019-01-25 20:22:47.000000000
0;6.6326363;46.802667;16.0;2019-01-25 20:22:48.000000000
0;6.6323619;46.80243;16.0;2019-01-25 20:22:49.000000000
0;6.6321050999999995;46.8022216;16.0;2019-01-25 20:22:50.000000000
0;6.6318491999999996;46.8020158;16.0;2019-01-25 20:22:51.000000000
0;6.628636599999999;46.7980201;24.0;2019-01-25 20:23:08.000000000
0;6.628495399999999;46.797695000000004;24.0;2019-01-25 20:23:09.000000000
0;6.6280636;46.795127;32.0;2019-01-25 20:23:17.000000000
0;6.628049000000001;46.794875;32.0;2019-01-25 20:23:18.000000000
0;6.628037299999999;46.7946331;32.0;2019-01-25 20:23:19.000000000
0;6.6280167;46.7943246;32.0;2019-01-25 20:23:20.000000000
0;6.6279851999999995;46.7940815;32.0;2019-01-25 20:23:21.000000000
0;6.6280261;46.7938624;48.0;2019-01-25 20:23:22.000000000
0;6.628011;46.7936135;48.0;2019-01-25 20:23:23.000000000
0;6.628184399999999;46.793369;48.0;2019-01-25 20:23:24.000000000
0;6.628362299999999;46.793189;48.0;2019-01-25 20:23:25.000000000
0;6.6284163000000005;46.7929433;48.0;2019-01-25 20:23:26.000000000
0;6.6285686;46.7926875;48.0;2019-01-25 20:23:27.000000000
0;6.6287901;46.7924499;48.0;2019-01-25 20:23:28.000000000
0;6.6291;46.7922529;48.0;2019-01-25 20:23:29.000000000
0;6.6295004;46.7914989;48.0;2019-01-25 20:23:32.000000000
0;6.629628;46.791295700000006;48.0;2019-01-25 20:23:33.000000000
0;6.6297781;46.7910898;48.0;2019-01-25 20:23:34.000000000
0;6.629895599999999;46.790895299999995;48.0;2019-01-25 20:23:35.000000000
0;6.6300217;46.7906915;48.0;2019-01-25 20:23:36.000000000
0;6.6302187;46.790505700000004;48.0;2019-01-25 20:23:37.000000000
0;6.6303489;46.7902589;48.0;2019-01-25 20:23:38.000000000
0;6.630484200000001;46.7900409;48.0;2019-01-25 20:23:39.000000000
0;6.630867200000001;46.7894779;48.0;2019-01-25 20:23:42.000000000
0;6.6314833;46.788500299999995;32.0;2019-01-25 20:23:48.000000000
0;6.6315735;46.788362899999996;24.0;2019-01-25 20:23:49.000000000
0;6.6316683;46.788218799999996;24.0;2019-01-25 20:23:50.000000000
0;6.6317845;46.7880277;24.0;2019-01-25 20:23:51.000000000
0;6.631916400000001;46.7878166;24.0;2019-01-25 20:23:52.000000000
0;6.632391800000001;46.787031;32.0;2019-01-25 20:23:56.000000000
0;6.6324934;46.7868815;32.0;2019-01-25 20:23:57.000000000
0;6.633524900000001;46.7851184;32.0;2019-01-25 20:24:03.000000000
0;6.6342490000000005;46.7842669;32.0;2019-01-25 20:24:09.000000000
0;6.6344069;46.7838365;48.0;2019-01-25 20:24:11.000000000
0;6.6346857;46.7836477;48.0;2019-01-25 20:24:13.000000000
0;6.635245599999999;46.7832461;48.0;2019-01-25 20:24:17.000000000
0;6.635454400000001;46.783143599999995;48.0;2019-01-25 20:24:19.000000000
0;6.635634;46.7830443;48.0;2019-01-25 20:24:21.000000000
0;6.635735799999999;46.7829922;48.0;2019-01-25 20:24:22.000000000
0;6.6359748;46.7828701;48.0;2019-01-25 20:24:34.357999802
0;6.6359748;46.7828701;48.0;2019-01-25 20:24:39.257999896
0;6.6359748;46.7828701;48.0;2019-01-25 20:24:44.502000093
0;6.6359748;46.7828701;48.0;2019-01-25 20:24:49.712000132
0;6.6395900999999995;46.785256200000006;0.0;2019-01-25 20:24:54.787999868
0;6.638916099999999;46.78185429999999;32.0;2019-01-25 20:25:01.000000000
0;6.6389688;46.781842;32.0;2019-01-25 20:25:03.000000000
0;6.6390284;46.781940000000006;24.0;2019-01-25 20:25:15.000000000
0;6.6390065;46.781982899999996;24.0;2019-01-25 20:25:31.402999878
0;6.639044999999999;46.7819931;16.0;2019-01-25 20:25:34.000000000
0;6.6390517000000004;46.7819977;24.0;2019-01-25 20:25:35.000000000
0;6.639062200000001;46.78200089999999;24.0;2019-01-25 20:25:36.000000000
0;6.6390706999999995;46.782002500000004;24.0;2019-01-25 20:25:37.000000000
0;6.6390769;46.7820055;24.0;2019-01-25 20:25:37.757000208
0;6.6391075;46.7820105;24.0;2019-01-25 20:25:42.000000000
0;6.6391836;46.782024799999995;24.0;2019-01-25 20:25:45.000000000
0;6.6391988;46.7820276;24.0;2019-01-25 20:25:46.000000000
0;6.639212700000001;46.7820267;24.0;2019-01-25 20:25:47.000000000
0;6.6392242;46.7820234;24.0;2019-01-25 20:25:48.000000000
0;6.639233900000001;46.7820192;24.0;2019-01-25 20:25:49.000000000
0;6.6392424;46.7820154;24.0;2019-01-25 20:25:50.000000000
0;6.6392462;46.7820097;24.0;2019-01-25 20:25:51.000000000
0;6.6392493;46.7820039;24.0;2019-01-25 20:25:52.000000000
0;6.6392462;46.781996500000005;24.0;2019-01-25 20:25:53.000000000
0;6.6392548;46.781985999999996;24.0;2019-01-25 20:25:54.000000000
0;6.639259200000001;46.7819755;24.0;2019-01-25 20:25:55.000000000
0;6.6392576000000005;46.781963299999994;24.0;2019-01-25 20:25:56.000000000
0;6.639251400000001;46.7819507;24.0;2019-01-25 20:25:57.000000000
0;6.639236099999999;46.7819361;24.0;2019-01-25 20:25:58.000000000
0;6.6392194;46.7819234;24.0;2019-01-25 20:25:59.000000000
0;6.639201299999999;46.7819138;24.0;2019-01-25 20:26:00.000000000
0;6.6391819000000005;46.781907399999994;24.0;2019-01-25 20:26:01.000000000
0;6.639164;46.781904100000006;32.0;2019-01-25 20:26:02.000000000
0;6.639155099999999;46.7819025;32.0;2019-01-25 20:26:03.000000000
0;6.639158800000001;46.78190120000001;24.0;2019-01-25 20:26:04.000000000
0;6.6391792;46.781897;24.0;2019-01-25 20:26:05.000000000
0;6.639214999999999;46.7818935;24.0;2019-01-25 20:26:06.000000000
0;6.6392565;46.781893100000005;24.0;2019-01-25 20:26:07.000000000
0;6.6392974;46.781892;24.0;2019-01-25 20:26:08.000000000
0;6.639325599999999;46.7818934;24.0;2019-01-25 20:26:09.000000000
0;6.639355900000001;46.78189570000001;32.0;2019-01-25 20:26:10.000000000
0;6.639362599999999;46.7818965;24.0;2019-01-25 20:26:11.000000000
0;6.6394034;46.7819025;24.0;2019-01-25 20:26:12.000000000
0;6.6395800000000005;46.7819363;32.0;2019-01-25 20:26:13.000000000
0;6.6396466;46.7819559;32.0;2019-01-25 20:26:14.000000000
0;6.6397088;46.7819756;32.0;2019-01-25 20:26:15.000000000
0;6.6398921;46.781965;32.0;2019-01-25 20:26:16.000000000
0;6.639970900000001;46.7819845;32.0;2019-01-25 20:26:17.000000000
0;6.6400455;46.782003700000004;48.0;2019-01-25 20:26:18.000000000
0;6.640185000000001;46.7820441;48.0;2019-01-25 20:26:19.000000000
0;6.6406852;46.782149600000004;48.0;2019-01-25 20:26:20.000000000
0;6.640823200000001;46.7821879;48.0;2019-01-25 20:26:21.000000000
0;6.6410982;46.782235;48.0;2019-01-25 20:26:22.000000000
0;6.6414537;46.7823027;48.0;2019-01-25 20:26:23.000000000
0;6.6416359;46.782331899999996;48.0;2019-01-25 20:26:24.000000000
0;6.6417215;46.7823526;64.0;2019-01-25 20:26:25.000000000
0;6.6418274;46.78237670000001;64.0;2019-01-25 20:26:26.000000000
0;6.6419409;46.7824001;64.0;2019-01-25 20:26:27.000000000
0;6.642073;46.782427;64.0;2019-01-25 20:26:28.000000000
0;6.6422063;46.7824555;64.0;2019-01-25 20:26:29.000000000
0;6.6423467;46.782486299999995;64.0;2019-01-25 20:26:30.000000000
0;6.6424937;46.7825184;64.0;2019-01-25 20:26:31.000000000
0;6.642647099999999;46.782552200000005;64.0;2019-01-25 20:26:32.000000000
0;6.6428031;46.7821527;96.0;2019-01-25 20:26:36.000000000
0;6.642964900000001;46.781916700000004;96.0;2019-01-25 20:26:37.000000000
0;6.6431026;46.7817696;96.0;2019-01-25 20:26:38.000000000
0;6.643331;46.7816241;64.0;2019-01-25 20:26:39.000000000
0;6.643703200000001;46.781493;64.0;2019-01-25 20:26:40.000000000
0;6.6439819;46.781407200000004;64.0;2019-01-25 20:26:41.000000000
0;6.645861900000001;46.7808967;64.0;2019-01-25 20:26:42.000000000
0;6.6461629;46.7808341;96.0;2019-01-25 20:26:43.000000000
0;6.646357400000001;46.7808148;96.0;2019-01-25 20:26:44.000000000
0;6.6466113;46.7807198;96.0;2019-01-25 20:26:45.000000000
0;6.646749300000001;46.780699299999995;96.0;2019-01-25 20:26:46.000000000
0;6.646917200000001;46.7806671;96.0;2019-01-25 20:26:47.000000000
0;6.6471141000000005;46.7806254;96.0;2019-01-25 20:26:48.000000000
0;6.6473124000000015;46.780576700000005;96.0;2019-01-25 20:26:49.000000000
0;6.647516800000001;46.7805211;96.0;2019-01-25 20:26:50.000000000
0;6.6477922000000005;46.7804492;96.0;2019-01-25 20:26:51.000000000
0;6.6480783;46.780376200000006;96.0;2019-01-25 20:26:52.000000000
0;6.6490813;46.7801285;96.0;2019-01-25 20:26:53.000000000
0;6.6494743000000005;46.7800107;96.0;2019-01-25 20:26:54.000000000
0;6.649843;46.779889700000005;96.0;2019-01-25 20:26:55.000000000
0;6.6501078;46.7798028;96.0;2019-01-25 20:26:56.000000000
0;6.6503452;46.7796891;96.0;2019-01-25 20:26:57.000000000
0;6.650664;46.779571999999995;96.0;2019-01-25 20:26:58.000000000
0;6.650775299999999;46.7793438;96.0;2019-01-25 20:26:59.000000000
0;6.651084299999999;46.779258899999995;16.0;2019-01-25 20:27:00.000000000
0;6.6514069000000005;46.7791206;24.0;2019-01-25 20:27:01.000000000
0;6.651716499999999;46.77899620000001;24.0;2019-01-25 20:27:02.000000000
0;6.651984599999999;46.778858299999996;24.0;2019-01-25 20:27:03.000000000
0;6.6521;46.7787876;24.0;2019-01-25 20:27:04.000000000
0;6.652234599999999;46.7787023;24.0;2019-01-25 20:27:05.000000000
0;6.6523663;46.778608500000004;24.0;2019-01-25 20:27:06.000000000
0;6.6525572;46.778589000000004;96.0;2019-01-25 20:27:07.000000000
0;6.6526838;46.778397600000005;32.0;2019-01-25 20:27:09.000000000
0;6.6527842999999995;46.77823970000001;32.0;2019-01-25 20:27:10.000000000
0;6.6529307;46.7780314;32.0;2019-01-25 20:27:11.000000000
0;6.653059599999999;46.777829;32.0;2019-01-25 20:27:12.000000000
0;6.6531649;46.777636799999996;48.0;2019-01-25 20:27:13.000000000
0;6.653247400000001;46.777454399999996;48.0;2019-01-25 20:27:14.000000000
0;6.6533196;46.7772636;48.0;2019-01-25 20:27:15.000000000
0;6.65337;46.77708079999999;48.0;2019-01-25 20:27:16.000000000
0;6.653164100000001;46.776166499999995;24.0;2019-01-25 20:27:26.000000000
0;6.653138900000001;46.775438;24.0;2019-01-25 20:27:27.000000000
0;6.6530314;46.7746191;24.0;2019-01-25 20:27:29.000000000
0;6.6528503;46.7737187;32.0;2019-01-25 20:27:31.000000000
0;6.6525661;46.772633299999995;32.0;2019-01-25 20:27:33.000000000
0;6.6523418;46.772138299999995;32.0;2019-01-25 20:27:35.000000000
0;6.652088000000001;46.771763;32.0;2019-01-25 20:27:37.000000000
0;6.6517932;46.771413200000005;48.0;2019-01-25 20:27:39.000000000
0;6.6510658;46.7705502;48.0;2019-01-25 20:27:55.241000175
0;6.6510658;46.7705502;48.0;2019-01-25 20:28:01.223999977
0;6.6510658;46.7705502;48.0;2019-01-25 20:28:06.223999977
0;6.6433196;46.7683878;24.0;2019-01-25 20:28:12.000000000
0;6.6426444;46.7682601;24.0;2019-01-25 20:28:14.000000000
0;6.642297500000001;46.7681945;24.0;2019-01-25 20:28:13.605000019
0;6.641963099999999;46.768156700000006;24.0;2019-01-25 20:28:16.000000000
0;6.641652400000001;46.768135799999996;24.0;2019-01-25 20:28:18.000000000
0;6.6412575;46.7680686;24.0;2019-01-25 20:28:20.000000000
0;6.6408352;46.7679935;24.0;2019-01-25 20:28:22.000000000
0;6.640426400000001;46.7679094;24.0;2019-01-25 20:28:24.000000000
0;6.640190400000001;46.767844399999994;32.0;2019-01-25 20:28:30.000000000
0;6.6399482;46.767775;48.0;2019-01-25 20:28:31.000000000
0;6.6341250999999986;46.76498839999999;32.0;2019-01-25 20:28:45.000000000
0;6.634075999999999;46.7650983;32.0;2019-01-25 20:28:46.000000000
0;6.6339705;46.765093799999995;32.0;2019-01-25 20:28:47.000000000
0;6.633847;46.765001500000004;48.0;2019-01-25 20:28:48.000000000
0;6.6337173;46.764901;48.0;2019-01-25 20:28:49.000000000
0;6.6335704;46.7647759;32.0;2019-01-25 20:28:50.000000000
0;6.6334082;46.7646258;32.0;2019-01-25 20:28:51.000000000
0;6.6332418;46.7644675;48.0;2019-01-25 20:28:52.000000000
0;6.6311990000000005;46.7621242;48.0;2019-01-25 20:29:00.000000000
0;6.6310875;46.761996200000006;48.0;2019-01-25 20:29:01.000000000
0;6.630930900000001;46.761827000000004;48.0;2019-01-25 20:29:02.000000000
0;6.630758599999999;46.761644200000006;48.0;2019-01-25 20:29:03.000000000
0;6.6305578999999994;46.761422499999995;48.0;2019-01-25 20:29:04.000000000
0;6.6303772;46.7612315;48.0;2019-01-25 20:29:05.000000000
0;6.630099900000001;46.7610491;48.0;2019-01-25 20:29:06.000000000
0;6.6298375;46.7608515;48.0;2019-01-25 20:29:07.000000000
0;6.6291321;46.7602374;48.0;2019-01-25 20:29:08.000000000
0;6.6287925;46.760024;48.0;2019-01-25 20:29:09.000000000
0;6.628626799999999;46.759893100000006;48.0;2019-01-25 20:29:10.000000000
0;6.628447599999999;46.7597412;48.0;2019-01-25 20:29:11.000000000
0;6.628229400000001;46.7595607;48.0;2019-01-25 20:29:12.000000000
0;6.6280206999999995;46.7593801;48.0;2019-01-25 20:29:13.000000000
0;6.6278181;46.7591945;48.0;2019-01-25 20:29:14.000000000
0;6.627606200000001;46.759006400000004;32.0;2019-01-25 20:29:15.000000000
0;6.6273761;46.7588004;48.0;2019-01-25 20:29:16.000000000
0;6.626421000000001;46.757997499999995;48.0;2019-01-25 20:29:17.000000000
0;6.6262719;46.75785020000001;48.0;2019-01-25 20:29:18.000000000
0;6.6258705;46.7575001;48.0;2019-01-25 20:29:19.000000000
0;6.6253784;46.7573508;48.0;2019-01-25 20:29:20.000000000
0;6.6250811;46.757118;32.0;2019-01-25 20:29:21.000000000
0;6.624752099999999;46.7569432;32.0;2019-01-25 20:29:22.000000000
0;6.624421000000001;46.7566501;24.0;2019-01-25 20:29:23.000000000
0;6.6241825;46.7563391;32.0;2019-01-25 20:29:24.000000000
0;6.623833800000001;46.7560954;24.0;2019-01-25 20:29:25.000000000
0;6.623504400000001;46.755827399999994;24.0;2019-01-25 20:29:26.000000000
0;6.623048700000001;46.7556244;24.0;2019-01-25 20:29:27.000000000
0;6.6227496;46.755412899999996;24.0;2019-01-25 20:29:28.000000000
0;6.622371799999999;46.7551196;24.0;2019-01-25 20:29:29.000000000
0;6.621525500000001;46.7547578;16.0;2019-01-25 20:29:31.000000000
0;6.621150699999999;46.7546153;16.0;2019-01-25 20:29:32.000000000
0;6.620712299999999;46.7544045;12.0;2019-01-25 20:29:33.000000000
0;6.6203208;46.754141600000004;12.0;2019-01-25 20:29:34.000000000
0;6.6199359;46.753874700000004;12.0;2019-01-25 20:29:35.000000000
0;6.6194921;46.75362620000001;12.0;2019-01-25 20:29:36.000000000
0;6.619091900000001;46.7534049;12.0;2019-01-25 20:29:37.000000000
0;6.618717599999999;46.7531681;16.0;2019-01-25 20:29:38.000000000
0;6.6183307000000005;46.7529359;16.0;2019-01-25 20:29:39.000000000
0;6.617978599999999;46.7527044;16.0;2019-01-25 20:29:40.000000000
0;6.6175822;46.752462799999996;16.0;2019-01-25 20:29:41.000000000
0;6.617205900000001;46.7522028;16.0;2019-01-25 20:29:42.000000000
0;6.6168743;46.7519693;16.0;2019-01-25 20:29:43.000000000
0;6.6165107;46.7517037;16.0;2019-01-25 20:29:44.000000000
0;6.6161556;46.7514502;16.0;2019-01-25 20:29:45.000000000
0;6.615829300000001;46.7511681;16.0;2019-01-25 20:29:46.000000000
0;6.614716900000001;46.7505315;16.0;2019-01-25 20:29:49.000000000
0;6.613129600000001;46.7496277;16.0;2019-01-25 20:29:53.000000000
0;6.6115469;46.7487344;12.0;2019-01-25 20:29:57.000000000
0;6.6042705;46.7448578;12.0;2019-01-25 20:30:15.000000000
0;6.6038293;46.744693;12.0;2019-01-25 20:30:16.000000000
0;6.603403;46.7444921;12.0;2019-01-25 20:30:17.000000000
0;6.603403;46.7444921;12.0;2019-01-25 20:30:16.412000179
0;6.6025927;46.7441756;12.0;2019-01-25 20:30:19.000000000
0;6.60217;46.7440058;12.0;2019-01-25 20:30:20.000000000
0;6.6017182;46.7438311;12.0;2019-01-25 20:30:21.000000000
0;6.6012606;46.743644700000004;12.0;2019-01-25 20:30:22.000000000
0;6.600833099999999;46.7434698;12.0;2019-01-25 20:30:23.000000000
0;6.600461900000001;46.7433351;12.0;2019-01-25 20:30:24.000000000
0;6.599885799999999;46.743168700000005;12.0;2019-01-25 20:30:25.000000000
0;6.599328;46.743001;12.0;2019-01-25 20:30:26.000000000
0;6.5988897;46.7428263;12.0;2019-01-25 20:30:27.000000000
0;6.597908400000001;46.7425175;12.0;2019-01-25 20:30:29.000000000
0;6.597460000000001;46.742358200000005;12.0;2019-01-25 20:30:30.000000000
0;6.5970228;46.742208399999996;12.0;2019-01-25 20:30:31.000000000
0;6.5965645;46.742051399999994;12.0;2019-01-25 20:30:32.000000000
0;6.5961151;46.741978;12.0;2019-01-25 20:30:33.000000000
0;6.595780199999999;46.7418768;16.0;2019-01-25 20:30:34.000000000
0;6.5951718999999995;46.741624200000004;16.0;2019-01-25 20:30:35.000000000
0;6.5948033;46.7414304;16.0;2019-01-25 20:30:36.000000000
0;6.5943478;46.741282899999995;16.0;2019-01-25 20:30:37.000000000
0;6.5939569;46.7410689;16.0;2019-01-25 20:30:38.000000000
0;6.593483099999999;46.7408773;16.0;2019-01-25 20:30:39.000000000
0;6.5894295;46.738129799999996;16.0;2019-01-25 20:30:50.000000000
0;6.5893493;46.738074600000004;16.0;2019-01-25 20:30:51.000000000
0;6.5891402999999995;46.7379382;16.0;2019-01-25 20:30:52.000000000
0;6.588839699999999;46.737731200000006;16.0;2019-01-25 20:30:53.000000000
0;6.588311599999999;46.7373536;16.0;2019-01-25 20:30:54.000000000
0;6.588015400000001;46.7371358;24.0;2019-01-25 20:30:55.000000000
0;6.5876576;46.73687279999999;24.0;2019-01-25 20:31:08.122999907
0;6.5876576;46.73687279999999;24.0;2019-01-25 20:31:14.822000027
0;6.5876576;46.73687279999999;24.0;2019-01-25 20:31:20.200000048
0;6.5876576;46.73687279999999;24.0;2019-01-25 20:31:26.904999971
0;6.5876576;46.73687279999999;24.0;2019-01-25 20:31:33.491000175
0;6.5709428;46.72456470000001;0.0;2019-01-25 20:31:38.612000227
0;6.5709428;46.72456470000001;0.0;2019-01-25 20:31:43.647000074
0;6.5709428;46.72456470000001;0.0;2019-01-25 20:31:48.682999849
0;6.5876576;46.73687279999999;24.0;2019-01-25 20:31:55.188999891
0;6.5876576;46.73687279999999;24.0;2019-01-25 20:32:00.311000109
0;6.573637599999999;46.70985039999999;0.0;2019-01-25 20:32:06.777000189
0;6.5477217;46.729537799999996;0.0;2019-01-25 20:32:12.043999910
0;6.568265400000001;46.709856;0.0;2019-01-25 20:32:18.507000208
0;6.5750439;46.7112859;0.0;2019-01-25 20:32:23.567000151
0;6.546297900000001;46.731136299999996;0.0;2019-01-25 20:32:28.597999811
0;6.5876576;46.73687279999999;24.0;2019-01-25 20:32:35.006000042
0;6.5876576;46.73687279999999;24.0;2019-01-25 20:32:38.900000095
0;6.5876576;46.73687279999999;24.0;2019-01-25 20:32:43.928999901
0;6.5876576;46.73687279999999;24.0;2019-01-25 20:32:48.952000141
0;6.5876576;46.73687279999999;24.0;2019-01-25 20:32:53.972000122
0;6.5876576;46.73687279999999;24.0;2019-01-25 20:32:59.007999897
0;6.5876576;46.73687279999999;24.0;2019-01-25 20:33:04.039999962
0;6.5876576;46.73687279999999;24.0;2019-01-25 20:33:09.467999935
0;6.587659599999999;46.7368777;24.0;2019-01-25 20:33:15.170000076
0;6.5876599;46.7368816;24.0;2019-01-25 20:33:20.345999956
0;6.587659299999999;46.7368793;24.0;2019-01-25 20:33:25.363999844
0;6.5876599;46.736883;24.0;2019-01-25 20:33:30.490000010
0;6.5876594;46.7368805;24.0;2019-01-25 20:33:35.487999916
0;6.587658900000001;46.736878600000004;24.0;2019-01-25 20:33:40.667000055
0;6.587658599999999;46.7368772;24.0;2019-01-25 20:33:45.992000103
0;6.5876584000000005;46.736876099999996;24.0;2019-01-25 20:33:51.027000189
0;6.5876582;46.736875299999994;24.0;2019-01-25 20:33:56.167000055
0;6.556820699999999;46.6790157;48.0;2019-01-25 20:34:00.000000000
0;6.556150200000001;46.6776865;48.0;2019-01-25 20:34:01.000000000
0;6.5558818;46.677004;48.0;2019-01-25 20:34:03.000000000
0;6.5556287;46.6763194;48.0;2019-01-25 20:34:04.000000000
0;6.5555459;46.6760347;48.0;2019-01-25 20:34:05.000000000
0;6.555453599999999;46.6756777;32.0;2019-01-25 20:34:06.000000000
0;6.5553796;46.6753851;32.0;2019-01-25 20:34:07.000000000
0;6.5553189;46.6751213;32.0;2019-01-25 20:34:08.000000000
0;6.5552186;46.674862899999994;32.0;2019-01-25 20:34:09.000000000
0;6.5551455;46.674601;48.0;2019-01-25 20:34:10.000000000
0;6.555066;46.674319;48.0;2019-01-25 20:34:11.000000000
0;6.5549463;46.673961600000005;32.0;2019-01-25 20:34:12.000000000
0;6.5547713000000005;46.67342670000001;32.0;2019-01-25 20:34:13.000000000
0;6.554547;46.6729445;32.0;2019-01-25 20:34:14.000000000
0;6.554375299999999;46.67251629999999;32.0;2019-01-25 20:34:15.000000000
0;6.55422;46.6721317;32.0;2019-01-25 20:34:16.000000000
0;6.5540921;46.67176920000001;32.0;2019-01-25 20:34:17.000000000
0;6.5538522;46.671361499999996;24.0;2019-01-25 20:34:18.000000000
0;6.553708800000001;46.6710259;24.0;2019-01-25 20:34:19.000000000
0;6.5536182;46.6707771;32.0;2019-01-25 20:34:20.000000000
0;6.5534625;46.6704983;32.0;2019-01-25 20:34:21.000000000
0;6.553350599999999;46.6702484;32.0;2019-01-25 20:34:22.000000000
0;6.5532629;46.6700119;32.0;2019-01-25 20:34:23.000000000
0;6.553092299999999;46.6696887;48.0;2019-01-25 20:34:24.000000000
0;6.5529493;46.6693693;48.0;2019-01-25 20:34:25.000000000
0;6.552833799999999;46.6690694;48.0;2019-01-25 20:34:26.000000000
0;6.5527295;46.668780600000005;48.0;2019-01-25 20:34:27.000000000
0;6.5526264;46.668496399999995;48.0;2019-01-25 20:34:28.000000000
0;6.552485900000001;46.6682048;24.0;2019-01-25 20:34:29.000000000
0;6.5523157;46.6678898;24.0;2019-01-25 20:34:30.000000000
0;6.5520845;46.667583799999996;32.0;2019-01-25 20:34:31.000000000
0;6.5519093;46.6672657;32.0;2019-01-25 20:34:32.000000000
0;6.5517169;46.666917;32.0;2019-01-25 20:34:33.000000000
0;6.5515449;46.66658029999999;24.0;2019-01-25 20:34:34.000000000
0;6.551403700000001;46.6662592;24.0;2019-01-25 20:34:35.000000000
0;6.5512703000000005;46.6659443;32.0;2019-01-25 20:34:36.000000000
0;6.5507145;46.664632;32.0;2019-01-25 20:34:48.671000004
0;6.5507145;46.664632;32.0;2019-01-25 20:34:57.707999945
0;6.5507145;46.664632;32.0;2019-01-25 20:35:04.021000147
0;6.5507145;46.664632;32.0;2019-01-25 20:35:10.829999924
0;6.5507145;46.664632;32.0;2019-01-25 20:35:16.017999887
0;6.5507145;46.664632;32.0;2019-01-25 20:35:22.016000032
0;6.5612867;46.6563032;0.0;2019-01-25 20:35:41.589999914
0;6.5612867;46.6563032;0.0;2019-01-25 20:35:50.141000032
0;6.5507145;46.664632;32.0;2019-01-25 20:35:55.107000113
0;6.5507145;46.664632;32.0;2019-01-25 20:36:00.134999990
0;6.5507145;46.664632;32.0;2019-01-25 20:36:05.158999920
0;6.5507145;46.664632;32.0;2019-01-25 20:36:10.328999996
0;6.5507145;46.664632;32.0;2019-01-25 20:36:15.347000122
0;6.5507145;46.664632;32.0;2019-01-25 20:36:20.383999825
0;6.5507145;46.664632;32.0;2019-01-25 20:36:25.407000065
0;6.5507145;46.664632;32.0;2019-01-25 20:36:30.527999878
0;6.5507145;46.664632;32.0;2019-01-25 20:36:35.552000046
0;6.5507145;46.664632;32.0;2019-01-25 20:36:40.942999840
0;6.5507145;46.664632;32.0;2019-01-25 20:36:47.426000118
0;6.5507145;46.664632;32.0;2019-01-25 20:36:52.483999968
0;6.5526761;46.6080467;0.0;2019-01-25 20:36:58.012000084
0;6.5270567;46.6244423;48.0;2019-01-25 20:36:59.000000000
0;6.5262648;46.6233986;48.0;2019-01-25 20:37:00.000000000
0;6.5255342;46.6228625;48.0;2019-01-25 20:37:02.000000000
0;6.524895900000001;46.6224787;48.0;2019-01-25 20:37:04.000000000
0;6.5240847;46.6220276;64.0;2019-01-25 20:37:06.000000000
0;6.523600599999999;46.6217592;64.0;2019-01-25 20:37:08.000000000
0;6.5230394;46.6214729;64.0;2019-01-25 20:37:10.000000000
0;6.5223542000000005;46.6211372;96.0;2019-01-25 20:37:12.000000000
0;6.519789599999999;46.619524299999995;48.0;2019-01-25 20:37:20.000000000
0;6.5188963;46.618962599999996;48.0;2019-01-25 20:37:25.007000208
0;6.5176457999999995;46.6151059;48.0;2019-01-25 20:37:33.000000000
0;6.5175602;46.614085100000004;48.0;2019-01-25 20:37:35.000000000
0;6.5178712;46.6129528;64.0;2019-01-25 20:37:39.000000000
0;6.517993799999999;46.612643;64.0;2019-01-25 20:37:39.087000132
0;6.5182815000000005;46.6119161;64.0;2019-01-25 20:38:42.343999863
0;6.5301496;46.5732685;32.0;2019-01-25 20:39:45.000000000
0;6.5301253;46.5731604;48.0;2019-01-25 20:39:46.000000000
0;6.5300709;46.572946200000004;48.0;2019-01-25 20:39:47.000000000
0;6.530002;46.572672999999995;48.0;2019-01-25 20:39:48.000000000
0;6.5299283;46.5723667;48.0;2019-01-25 20:39:49.000000000
0;6.5298172;46.5719449;48.0;2019-01-25 20:39:50.000000000
0;6.5296606;46.571372600000004;48.0;2019-01-25 20:39:52.000000000
0;6.5295994;46.5710406;48.0;2019-01-25 20:39:53.000000000
0;6.529551799999999;46.570729299999996;48.0;2019-01-25 20:39:54.000000000
0;6.529519400000001;46.5704219;64.0;2019-01-25 20:39:55.000000000
0;6.529448599999999;46.569748;64.0;2019-01-25 20:40:10.436000109
0;6.5256324999999995;46.5648223;0.0;2019-01-25 20:40:22.886000156
0;6.529448599999999;46.569748;64.0;2019-01-25 20:40:32.947000027
0;6.529448599999999;46.569748;64.0;2019-01-25 20:40:41.081000090
0;6.535032900000001;46.556295;48.0;2019-01-25 20:40:45.000000000
0;6.5360852;46.5551851;64.0;2019-01-25 20:40:49.000000000
0;6.5368889999999995;46.5547743;64.0;2019-01-25 20:40:52.000000000
0;6.5371565;46.5546821;64.0;2019-01-25 20:40:53.000000000
0;6.5374397;46.5545939;64.0;2019-01-25 20:40:54.000000000
0;6.5402412000000005;46.553386100000004;48.0;2019-01-25 20:41:07.000000000
0;6.5406;46.553120799999995;48.0;2019-01-25 20:41:09.000000000
0;6.5407972999999995;46.553017600000004;48.0;2019-01-25 20:41:10.000000000
0;6.5409958;46.552918700000006;32.0;2019-01-25 20:41:11.000000000
0;6.5411771;46.5528279;48.0;2019-01-25 20:41:12.000000000
0;6.541355;46.5527446;48.0;2019-01-25 20:41:13.000000000
0;6.5415279;46.5526471;48.0;2019-01-25 20:41:14.000000000
0;6.5417111;46.5525308;48.0;2019-01-25 20:41:15.000000000
0;6.541884400000001;46.5524336;48.0;2019-01-25 20:41:16.000000000
0;6.5420805;46.5523309;48.0;2019-01-25 20:41:17.000000000
0;6.5423119000000005;46.5521966;32.0;2019-01-25 20:41:18.000000000
0;6.542519599999999;46.5520936;32.0;2019-01-25 20:41:19.000000000
0;6.542808;46.5519526;32.0;2019-01-25 20:41:20.000000000
0;6.5430195;46.551854600000006;32.0;2019-01-25 20:41:21.000000000
0;6.5432532;46.551728600000004;32.0;2019-01-25 20:41:22.000000000
0;6.543476;46.5515963;32.0;2019-01-25 20:41:23.000000000
0;6.5436989;46.551479;48.0;2019-01-25 20:41:24.000000000
0;6.543899400000001;46.5513398;48.0;2019-01-25 20:41:25.000000000
0;6.5440845;46.5512136;48.0;2019-01-25 20:41:26.000000000
0;6.544211799999999;46.5511333;48.0;2019-01-25 20:41:27.000000000
0;6.544389099999999;46.551010999999995;48.0;2019-01-25 20:41:28.000000000
0;6.5445719;46.55086970000001;48.0;2019-01-25 20:41:29.000000000
0;6.5447678;46.550715000000004;48.0;2019-01-25 20:41:30.000000000
0;6.5449405;46.5505835;48.0;2019-01-25 20:41:31.000000000
0;6.545156700000001;46.550439399999995;48.0;2019-01-25 20:41:32.000000000
0;6.5453052000000005;46.5503928;48.0;2019-01-25 20:41:33.000000000
0;6.5455046999999995;46.5502922;48.0;2019-01-25 20:41:34.000000000
0;6.5456824000000005;46.5501872;48.0;2019-01-25 20:41:35.000000000
0;6.545885299999999;46.550079499999995;32.0;2019-01-25 20:41:36.000000000
0;6.5461114;46.5499494;32.0;2019-01-25 20:41:37.000000000
0;6.546279900000001;46.5498408;24.0;2019-01-25 20:41:38.000000000
0;6.5464164;46.549744399999994;24.0;2019-01-25 20:41:39.000000000
0;6.5465205;46.549670500000005;24.0;2019-01-25 20:41:40.000000000
0;6.5466318;46.5495876;32.0;2019-01-25 20:41:41.000000000
0;6.5467951;46.5494606;32.0;2019-01-25 20:41:42.000000000
0;6.5469348;46.5493632;32.0;2019-01-25 20:41:43.000000000
0;6.5471355;46.549225299999996;32.0;2019-01-25 20:41:44.000000000
0;6.5473264;46.5490857;32.0;2019-01-25 20:41:45.000000000
0;6.547503099999999;46.5489513;48.0;2019-01-25 20:41:46.000000000
0;6.547683999999999;46.5488157;48.0;2019-01-25 20:41:47.000000000
0;6.547853400000001;46.5486835;24.0;2019-01-25 20:41:48.000000000
0;6.5480317999999995;46.54852929999999;24.0;2019-01-25 20:41:49.000000000
0;6.548206400000001;46.548386900000004;32.0;2019-01-25 20:41:50.000000000
0;6.5483807;46.5482448;32.0;2019-01-25 20:41:51.000000000
0;6.5485501;46.548105;32.0;2019-01-25 20:41:52.000000000
0;6.5488063;46.5479383;32.0;2019-01-25 20:41:53.000000000
0;6.5491461;46.547748;32.0;2019-01-25 20:41:54.000000000
0;6.5494267;46.5475789;32.0;2019-01-25 20:41:55.000000000
0;6.5499904;46.5473412;24.0;2019-01-25 20:41:58.000000000
0;6.5503566;46.5471621;32.0;2019-01-25 20:41:59.000000000
0;6.550575;46.5470346;32.0;2019-01-25 20:42:00.000000000
0;6.5507553;46.5469315;32.0;2019-01-25 20:42:01.000000000
0;6.5509081;46.5468571;32.0;2019-01-25 20:42:02.000000000
0;6.5510602;46.5467958;32.0;2019-01-25 20:42:03.000000000
0;6.5512171;46.5467309;32.0;2019-01-25 20:42:04.000000000
0;6.5513796;46.5466651;48.0;2019-01-25 20:42:05.000000000
0;6.5515349;46.5466021;48.0;2019-01-25 20:42:06.000000000
0;6.5517601999999995;46.5465326;32.0;2019-01-25 20:42:07.000000000
0;6.5520017;46.546468700000005;32.0;2019-01-25 20:42:08.000000000
0;6.5522215;46.546408;32.0;2019-01-25 20:42:09.000000000
0;6.5525327;46.546308399999994;32.0;2019-01-25 20:42:10.000000000
0;6.552850299999999;46.546201399999994;32.0;2019-01-25 20:42:11.000000000
0;6.5531489999999994;46.5461076;32.0;2019-01-25 20:42:12.000000000
0;6.5534269;46.546017600000006;32.0;2019-01-25 20:42:13.000000000
0;6.5537350000000005;46.5458722;32.0;2019-01-25 20:42:14.000000000
0;6.553979099999999;46.5457552;32.0;2019-01-25 20:42:15.000000000
0;6.5541867;46.5456593;32.0;2019-01-25 20:42:16.000000000
0;6.554408199999999;46.545613200000005;32.0;2019-01-25 20:42:17.000000000
0;6.5546845000000005;46.545606899999996;32.0;2019-01-25 20:42:18.000000000
0;6.5567731;46.545117600000005;32.0;2019-01-25 20:42:29.000000000
0;6.5571523;46.5450092;32.0;2019-01-25 20:42:30.000000000
0;6.5589961;46.544616600000005;32.0;2019-01-25 20:42:41.000000000
0;6.5595681;46.5445151;32.0;2019-01-25 20:42:42.000000000
0;6.5596712;46.544498700000005;32.0;2019-01-25 20:42:43.000000000
0;6.5597805;46.5444782;32.0;2019-01-25 20:42:44.000000000
0;6.5599008;46.544458899999995;32.0;2019-01-25 20:42:45.000000000
0;6.5615026;46.5442342;48.0;2019-01-25 20:42:55.000000000
0;6.5616534;46.5442126;48.0;2019-01-25 20:42:56.000000000
0;6.5617948;46.544193;48.0;2019-01-25 20:42:57.000000000
0;6.5619377000000005;46.544171399999996;48.0;2019-01-25 20:42:58.000000000
0;6.5620806;46.544149700000006;48.0;2019-01-25 20:42:59.000000000
0;6.563848700000001;46.5438556;64.0;2019-01-25 20:43:09.000000000
0;6.563950900000001;46.543840100000004;64.0;2019-01-25 20:43:10.000000000
0;6.5640598;46.54382639999999;64.0;2019-01-25 20:43:11.000000000
0;6.5641698;46.5438158;64.0;2019-01-25 20:43:12.000000000
0;6.5642830000000005;46.543808399999996;64.0;2019-01-25 20:43:13.000000000
0;6.5644201;46.5437987;64.0;2019-01-25 20:43:14.000000000
0;6.5645579;46.5437882;64.0;2019-01-25 20:43:15.000000000
0;6.5647074000000005;46.543776799999996;64.0;2019-01-25 20:43:16.000000000
0;6.564861099999999;46.5437659;24.0;2019-01-25 20:43:17.000000000
0;6.5650398;46.543760799999994;24.0;2019-01-25 20:43:18.000000000
0;6.5652172;46.5437537;32.0;2019-01-25 20:43:19.000000000
0;6.5654395999999995;46.5436429;32.0;2019-01-25 20:43:23.000000000
0;6.5656662;46.543533700000005;32.0;2019-01-25 20:43:24.000000000
0;6.5658647;46.543442299999995;32.0;2019-01-25 20:43:25.000000000
0;6.5660264999999995;46.5433624;32.0;2019-01-25 20:43:26.000000000
0;6.5661608;46.54329439999999;32.0;2019-01-25 20:43:27.000000000
0;6.5662978;46.5432571;32.0;2019-01-25 20:43:28.000000000
0;6.5664017999999995;46.543217600000006;48.0;2019-01-25 20:43:29.000000000
0;6.5665189;46.543183299999995;48.0;2019-01-25 20:43:30.000000000
0;6.5666511;46.5431277;48.0;2019-01-25 20:43:31.000000000
0;6.5668303;46.5430989;48.0;2019-01-25 20:43:32.000000000
0;6.567004799999999;46.5430647;48.0;2019-01-25 20:43:33.000000000
0;6.5671869;46.5430068;32.0;2019-01-25 20:43:34.000000000
0;6.5673165;46.5429612;32.0;2019-01-25 20:43:35.000000000
0;6.5674273;46.5429067;32.0;2019-01-25 20:43:36.000000000
0;6.567524799999999;46.542851399999996;32.0;2019-01-25 20:43:37.000000000
0;6.567615299999999;46.5427964;32.0;2019-01-25 20:43:38.000000000
0;6.5677012;46.542741299999996;32.0;2019-01-25 20:43:39.000000000
0;6.5677729000000005;46.5426989;48.0;2019-01-25 20:43:40.000000000
0;6.567898599999999;46.542658700000004;48.0;2019-01-25 20:43:41.000000000
0;6.568009299999999;46.542618;48.0;2019-01-25 20:43:42.000000000
0;6.5681127;46.542575;48.0;2019-01-25 20:43:43.000000000
0;6.568352;46.5425093;48.0;2019-01-25 20:43:44.000000000
0;6.5685362000000005;46.5424309;48.0;2019-01-25 20:43:45.000000000
0;6.568770699999999;46.5423637;48.0;2019-01-25 20:43:46.000000000
0;6.568934;46.542305600000006;48.0;2019-01-25 20:43:47.000000000
0;6.5690617;46.542231;48.0;2019-01-25 20:43:48.000000000
0;6.5691803;46.5421775;48.0;2019-01-25 20:43:49.000000000
0;6.5692797999999994;46.5421209;48.0;2019-01-25 20:43:50.000000000
0;6.5693684999999995;46.5420638;48.0;2019-01-25 20:43:51.000000000
0;6.5694474000000005;46.5420492;32.0;2019-01-25 20:43:52.000000000
0;6.569734700000001;46.5419131;32.0;2019-01-25 20:43:53.000000000
0;6.5697982999999995;46.5418536;32.0;2019-01-25 20:43:54.000000000
0;6.569907400000001;46.5417651;32.0;2019-01-25 20:43:55.000000000
0;6.570001700000001;46.5417064;32.0;2019-01-25 20:43:56.000000000
0;6.570081;46.5416563;24.0;2019-01-25 20:43:57.000000000
0;6.5701872;46.5415963;24.0;2019-01-25 20:43:58.000000000
0;6.570411200000001;46.5414966;24.0;2019-01-25 20:43:59.000000000
0;6.5705224;46.541385;24.0;2019-01-25 20:44:00.000000000
0;6.5706326;46.541370799999996;24.0;2019-01-25 20:44:01.000000000
0;6.5707762999999995;46.5412861;24.0;2019-01-25 20:44:02.000000000
0;6.5708921;46.541274;24.0;2019-01-25 20:44:03.000000000
0;6.5709752;46.5412533;24.0;2019-01-25 20:44:04.000000000
0;6.571041900000001;46.541221500000006;24.0;2019-01-25 20:44:05.000000000
0;6.571238799999999;46.5410854;24.0;2019-01-25 20:44:06.000000000
0;6.5713473;46.540997499999996;24.0;2019-01-25 20:44:07.000000000
0;6.5714845;46.540921399999995;24.0;2019-01-25 20:44:08.000000000
0;6.571624400000001;46.54085070000001;24.0;2019-01-25 20:44:09.000000000
0;6.5717008;46.5407879;24.0;2019-01-25 20:44:10.000000000
0;6.5718108;46.5407357;32.0;2019-01-25 20:44:11.000000000
0;6.571853900000001;46.54060629999999;32.0;2019-01-25 20:44:12.000000000
0;6.5720106;46.5405169;32.0;2019-01-25 20:44:13.000000000
0;6.572097099999999;46.540457399999994;32.0;2019-01-25 20:44:14.000000000
0;6.572215700000001;46.5404117;32.0;2019-01-25 20:44:15.000000000
0;6.572338799999999;46.54034620000001;32.0;2019-01-25 20:44:16.000000000
0;6.572469099999999;46.5402837;32.0;2019-01-25 20:44:17.000000000
0;6.5725058;46.5402559;32.0;2019-01-25 20:44:18.000000000
0;6.572527900000001;46.5402436;48.0;2019-01-25 20:44:19.000000000
0;6.572788;46.5402407;32.0;2019-01-25 20:44:20.000000000
0;6.572892200000001;46.5402131;32.0;2019-01-25 20:44:21.000000000
0;6.5729994000000005;46.540150399999995;32.0;2019-01-25 20:44:22.000000000
0;6.573215400000001;46.540101799999995;32.0;2019-01-25 20:44:23.000000000
0;6.5732807;46.539966;32.0;2019-01-25 20:44:24.000000000
0;6.5733616999999995;46.539897499999995;32.0;2019-01-25 20:44:25.000000000
0;6.5735132;46.5398467;32.0;2019-01-25 20:44:26.000000000
0;6.5736623;46.539778000000005;32.0;2019-01-25 20:44:27.000000000
0;6.57384;46.5397408;32.0;2019-01-25 20:44:28.000000000
0;6.5739398;46.5396592;32.0;2019-01-25 20:44:29.000000000
0;6.5740022;46.5395625;32.0;2019-01-25 20:44:30.000000000
0;6.5741807;46.539539399999995;32.0;2019-01-25 20:44:31.000000000
0;6.5742845;46.5395055;32.0;2019-01-25 20:44:32.000000000
0;6.5743788;46.5394335;16.0;2019-01-25 20:44:33.000000000
0;6.574539;46.5393812;16.0;2019-01-25 20:44:34.000000000
0;6.5746685;46.5393054;24.0;2019-01-25 20:44:35.000000000
0;6.574795299999999;46.5392264;24.0;2019-01-25 20:44:36.000000000
0;6.574855099999999;46.5391881;24.0;2019-01-25 20:44:37.000000000
0;6.5749284;46.539136600000006;24.0;2019-01-25 20:44:38.000000000
0;6.5750284;46.5390793;16.0;2019-01-25 20:44:39.000000000
0;6.5751459;46.53901870000001;16.0;2019-01-25 20:44:40.000000000
0;6.575249900000001;46.5389633;16.0;2019-01-25 20:44:41.000000000
0;6.575509599999999;46.5388393;16.0;2019-01-25 20:44:42.000000000
0;6.5756012;46.5387812;24.0;2019-01-25 20:44:43.000000000
0;6.5756719;46.538722;24.0;2019-01-25 20:44:44.000000000
0;6.5757424;46.5386428;24.0;2019-01-25 20:44:45.000000000
0;6.5758625;46.538580700000004;24.0;2019-01-25 20:44:46.000000000
0;6.5759355;46.5385573;24.0;2019-01-25 20:44:47.000000000
0;6.576023599999999;46.5385365;24.0;2019-01-25 20:44:48.000000000
0;6.5761329;46.538483299999996;24.0;2019-01-25 20:44:49.000000000
0;6.576267;46.5384208;24.0;2019-01-25 20:44:50.000000000
0;6.5764068;46.5383423;24.0;2019-01-25 20:44:51.000000000
0;6.5765016;46.5382943;24.0;2019-01-25 20:44:52.000000000
0;6.5765953999999995;46.538228600000004;24.0;2019-01-25 20:44:53.000000000
0;6.5767185;46.538157899999995;24.0;2019-01-25 20:44:54.000000000
0;6.5768492;46.538095899999995;24.0;2019-01-25 20:44:55.000000000
0;6.5785368;46.5370846;24.0;2019-01-25 20:45:08.000000000
0;6.5787561000000006;46.5370048;24.0;2019-01-25 20:45:09.000000000
0;6.5789661;46.536914700000004;24.0;2019-01-25 20:45:10.000000000
0;6.5792;46.5368078;24.0;2019-01-25 20:45:11.000000000
0;6.579360799999999;46.5366893;24.0;2019-01-25 20:45:12.000000000
0;6.579607000000001;46.5365665;24.0;2019-01-25 20:45:13.000000000
0;6.579715400000001;46.536501799999996;16.0;2019-01-25 20:45:14.000000000
0;6.5798597999999995;46.536435299999994;16.0;2019-01-25 20:45:15.000000000
0;6.5800939;46.536379700000005;16.0;2019-01-25 20:45:16.000000000
0;6.5804774;46.536275599999996;16.0;2019-01-25 20:45:17.000000000
0;6.580958900000001;46.5361782;24.0;2019-01-25 20:45:18.000000000
0;6.581343400000001;46.536064399999994;24.0;2019-01-25 20:45:19.000000000
0;6.581600999999999;46.535957399999994;24.0;2019-01-25 20:45:20.000000000
0;6.5818114;46.5358823;24.0;2019-01-25 20:45:21.000000000
0;6.581970500000001;46.5358138;24.0;2019-01-25 20:45:22.000000000
0;6.5823005000000006;46.5357247;24.0;2019-01-25 20:45:23.000000000
0;6.582493700000001;46.535607899999995;24.0;2019-01-25 20:45:24.000000000
0;6.5826724;46.535506299999994;24.0;2019-01-25 20:45:25.000000000
0;6.582912400000001;46.5354309;24.0;2019-01-25 20:45:26.000000000
0;6.583060400000001;46.535320399999996;24.0;2019-01-25 20:45:27.000000000
0;6.583232700000001;46.535221;24.0;2019-01-25 20:45:28.000000000
0;6.583437599999999;46.535158700000004;24.0;2019-01-25 20:45:29.000000000
0;6.5836105;46.535061999999996;24.0;2019-01-25 20:45:30.000000000
0;6.5838125;46.534951899999996;24.0;2019-01-25 20:45:31.000000000
0;6.583977;46.5348658;24.0;2019-01-25 20:45:32.000000000
0;6.5856397;46.5339323;12.0;2019-01-25 20:45:42.000000000
0;6.5858034;46.5338499;16.0;2019-01-25 20:45:43.000000000
0;6.5859665;46.533773499999995;16.0;2019-01-25 20:45:44.000000000
0;6.586129400000001;46.5337023;16.0;2019-01-25 20:45:45.000000000
0;6.586251299999999;46.533610100000004;16.0;2019-01-25 20:45:46.000000000
0;6.586427099999999;46.5335287;16.0;2019-01-25 20:45:47.000000000
0;6.5865732;46.533456799999996;24.0;2019-01-25 20:45:48.000000000
0;6.5867309999999994;46.5333786;24.0;2019-01-25 20:45:49.000000000
0;6.5869156;46.5333136;16.0;2019-01-25 20:45:50.000000000
0;6.587078900000001;46.533249;12.0;2019-01-25 20:45:51.000000000
0;6.587217999999999;46.533164;16.0;2019-01-25 20:45:52.000000000
0;6.5873577;46.5330907;16.0;2019-01-25 20:45:53.000000000
0;6.5875281;46.5330018;16.0;2019-01-25 20:45:54.000000000
0;6.587665299999999;46.532938200000004;12.0;2019-01-25 20:45:55.000000000
0;6.5878366999999995;46.532844399999995;12.0;2019-01-25 20:45:56.000000000
0;6.588004700000001;46.532736299999996;12.0;2019-01-25 20:45:57.000000000
0;6.5881452000000005;46.5326483;16.0;2019-01-25 20:45:58.000000000
0;6.588298599999999;46.5325773;12.0;2019-01-25 20:45:59.000000000
0;6.5884545;46.5324937;16.0;2019-01-25 20:46:00.000000000
0;6.588645;46.5324305;16.0;2019-01-25 20:46:01.000000000
0;6.5887945000000006;46.5323713;16.0;2019-01-25 20:46:02.000000000
0;6.5889679999999995;46.532284999999995;12.0;2019-01-25 20:46:03.000000000
0;6.5891535;46.5321959;12.0;2019-01-25 20:46:04.000000000
0;6.5893405;46.5320946;12.0;2019-01-25 20:46:05.000000000
0;6.5895413000000005;46.532011;12.0;2019-01-25 20:46:06.000000000
0;6.589697500000001;46.531940399999996;12.0;2019-01-25 20:46:07.000000000
0;6.5898767000000005;46.5318316;12.0;2019-01-25 20:46:08.000000000
0;6.5900416;46.5317705;12.0;2019-01-25 20:46:09.000000000
0;6.590239100000001;46.5316677;12.0;2019-01-25 20:46:10.000000000
0;6.590372200000001;46.5315941;12.0;2019-01-25 20:46:11.000000000
0;6.590498299999999;46.531485100000005;12.0;2019-01-25 20:46:12.000000000
0;6.5906492;46.531419799999995;12.0;2019-01-25 20:46:13.000000000
0;6.590759200000001;46.531314;12.0;2019-01-25 20:46:14.000000000
0;6.5909266;46.53121470000001;12.0;2019-01-25 20:46:15.000000000
0;6.5910603000000005;46.5311154;12.0;2019-01-25 20:46:16.000000000
0;6.5911662;46.531006899999994;16.0;2019-01-25 20:46:17.000000000
0;6.5913029000000005;46.5308928;12.0;2019-01-25 20:46:18.000000000
0;6.5913976;46.530800299999996;12.0;2019-01-25 20:46:19.000000000
0;6.591549499999999;46.530703499999994;12.0;2019-01-25 20:46:20.000000000
0;6.5917473;46.5306225;16.0;2019-01-25 20:46:21.000000000
0;6.591896;46.5305412;16.0;2019-01-25 20:46:22.000000000
0;6.5920353;46.5304625;16.0;2019-01-25 20:46:23.000000000
0;6.592178;46.5303784;16.0;2019-01-25 20:46:24.000000000
0;6.5923183000000005;46.530299799999995;16.0;2019-01-25 20:46:25.000000000
0;6.592452000000001;46.5302408;16.0;2019-01-25 20:46:26.000000000
0;6.592506599999999;46.5301576;16.0;2019-01-25 20:46:27.000000000
0;6.5926027000000005;46.530100899999994;24.0;2019-01-25 20:46:28.000000000
0;6.5927014999999995;46.5300453;24.0;2019-01-25 20:46:29.000000000
0;6.5928632;46.5299751;24.0;2019-01-25 20:46:30.000000000
0;6.5930095;46.5299255;24.0;2019-01-25 20:46:31.000000000
0;6.5931455;46.5298734;24.0;2019-01-25 20:46:32.000000000
0;6.593272099999999;46.5298119;24.0;2019-01-25 20:46:33.000000000
0;6.593412599999999;46.5297737;24.0;2019-01-25 20:46:34.000000000
0;6.5935375999999986;46.5297074;24.0;2019-01-25 20:46:35.000000000
0;6.593657799999999;46.529646899999996;24.0;2019-01-25 20:46:36.000000000
0;6.593792999999999;46.52959439999999;24.0;2019-01-25 20:46:37.000000000
0;6.5938601;46.5296029;24.0;2019-01-25 20:46:38.000000000
0;6.5939662;46.5296067;24.0;2019-01-25 20:46:39.000000000
0;6.5940625;46.5295923;24.0;2019-01-25 20:46:40.000000000
0;6.5941398;46.5295643;24.0;2019-01-25 20:46:41.000000000
0;6.5943004;46.529573299999996;16.0;2019-01-25 20:46:42.000000000
0;6.5944183;46.5295417;16.0;2019-01-25 20:46:43.000000000
0;6.594514;46.529539899999996;16.0;2019-01-25 20:46:44.000000000
0;6.594611099999999;46.529501200000006;16.0;2019-01-25 20:46:45.000000000
0;6.5947204;46.529485;24.0;2019-01-25 20:46:46.000000000
0;6.5948945000000005;46.529428100000004;16.0;2019-01-25 20:46:47.000000000
0;6.5950485;46.529377600000004;16.0;2019-01-25 20:46:48.000000000
0;6.5951614;46.529325299999996;16.0;2019-01-25 20:46:49.000000000
0;6.5952822;46.5292914;16.0;2019-01-25 20:46:50.000000000
0;6.595383;46.52925220000001;16.0;2019-01-25 20:46:51.000000000
0;6.5954969;46.529203700000004;16.0;2019-01-25 20:46:52.000000000
0;6.5956701;46.5291512;16.0;2019-01-25 20:46:53.000000000
0;6.5958542;46.529098700000006;12.0;2019-01-25 20:46:54.000000000
0;6.5959785;46.52905820000001;12.0;2019-01-25 20:46:55.000000000
0;6.596088900000001;46.5290234;12.0;2019-01-25 20:46:56.000000000
0;6.5962464999999995;46.5289508;16.0;2019-01-25 20:46:57.000000000
0;6.5964246;46.5289165;16.0;2019-01-25 20:46:58.000000000
0;6.596581;46.5289007;16.0;2019-01-25 20:46:59.000000000
0;6.5967087;46.5288727;16.0;2019-01-25 20:47:00.000000000
0;6.5967999000000015;46.5288086;16.0;2019-01-25 20:47:01.000000000
0;6.596946099999999;46.5287758;16.0;2019-01-25 20:47:02.000000000
0;6.597097200000001;46.5287342;16.0;2019-01-25 20:47:03.000000000
0;6.5972234;46.5287086;24.0;2019-01-25 20:47:04.000000000
0;6.597293400000001;46.5286907;24.0;2019-01-25 20:47:05.000000000
0;6.5974705;46.528650299999995;24.0;2019-01-25 20:47:06.000000000
0;6.5976832;46.528559200000004;24.0;2019-01-25 20:47:07.000000000
0;6.597874099999999;46.5285343;24.0;2019-01-25 20:47:08.000000000
0;6.597986;46.5285039;24.0;2019-01-25 20:47:09.000000000
0;6.598073299999999;46.5284713;12.0;2019-01-25 20:47:10.000000000
0;6.598177900000001;46.5284222;12.0;2019-01-25 20:47:11.000000000
0;6.5982723;46.5283857;16.0;2019-01-25 20:47:12.000000000
0;6.598287700000001;46.528302399999994;16.0;2019-01-25 20:47:13.000000000
0;6.5984758;46.5282872;16.0;2019-01-25 20:47:14.000000000
0;6.598549900000001;46.528244;16.0;2019-01-25 20:47:15.000000000
0;6.598687599999999;46.528183299999995;16.0;2019-01-25 20:47:16.000000000
0;6.5988397;46.5281881;12.0;2019-01-25 20:47:17.000000000
0;6.598959700000001;46.528139700000004;16.0;2019-01-25 20:47:18.000000000
0;6.599118499999999;46.52815820000001;16.0;2019-01-25 20:47:19.000000000
0;6.599220799999999;46.5281081;16.0;2019-01-25 20:47:20.000000000
0;6.5993097999999994;46.5280525;16.0;2019-01-25 20:47:21.000000000
0;6.599428200000001;46.5280146;16.0;2019-01-25 20:47:22.000000000
0;6.5995524;46.5279687;16.0;2019-01-25 20:47:23.000000000
0;6.5996673999999995;46.5279291;16.0;2019-01-25 20:47:24.000000000
0;6.5997784;46.5278838;12.0;2019-01-25 20:47:25.000000000
0;6.599935400000001;46.5278365;16.0;2019-01-25 20:47:26.000000000
0;6.600061500000001;46.5277919;16.0;2019-01-25 20:47:27.000000000
0;6.600162700000001;46.5277526;16.0;2019-01-25 20:47:28.000000000
0;6.600307300000001;46.527721299999996;16.0;2019-01-25 20:47:29.000000000
0;6.600438700000001;46.527671000000005;16.0;2019-01-25 20:47:30.000000000
0;6.6005598;46.5276306;16.0;2019-01-25 20:47:31.000000000
0;6.600684700000001;46.5275891;16.0;2019-01-25 20:47:32.000000000
0;6.6008335;46.527534;16.0;2019-01-25 20:47:33.000000000
0;6.600933599999999;46.5274626;12.0;2019-01-25 20:47:34.000000000
0;6.601035400000001;46.5274042;12.0;2019-01-25 20:47:35.000000000
0;6.6011372999999995;46.5273453;12.0;2019-01-25 20:47:36.000000000
0;6.6012576;46.5272846;12.0;2019-01-25 20:47:37.000000000
0;6.601365700000001;46.527198299999995;12.0;2019-01-25 20:47:38.000000000
0;6.601501600000001;46.5271555;12.0;2019-01-25 20:47:39.000000000
0;6.601622;46.527132200000004;12.0;2019-01-25 20:47:40.000000000
0;6.601764;46.5270729;12.0;2019-01-25 20:47:41.000000000
0;6.601894099999999;46.5270142;12.0;2019-01-25 20:47:42.000000000
0;6.6019915;46.526964;12.0;2019-01-25 20:47:43.000000000
0;6.602102799999999;46.526920399999995;12.0;2019-01-25 20:47:44.000000000
0;6.6022125;46.526884499999994;16.0;2019-01-25 20:47:45.000000000
0;6.602326;46.5267914;16.0;2019-01-25 20:47:46.000000000
0;6.602423700000001;46.526754;16.0;2019-01-25 20:47:47.000000000
0;6.6025388;46.526709100000005;16.0;2019-01-25 20:47:48.000000000
0;6.602663300000001;46.5266648;16.0;2019-01-25 20:47:49.000000000
0;6.6027966000000005;46.526617200000004;12.0;2019-01-25 20:47:50.000000000
0;6.6029558;46.5265624;12.0;2019-01-25 20:47:51.000000000
0;6.603046400000001;46.5265245;12.0;2019-01-25 20:47:52.000000000
0;6.603161099999999;46.526478999999995;16.0;2019-01-25 20:47:53.000000000
0;6.6032866;46.526432299999996;16.0;2019-01-25 20:47:54.000000000
0;6.6034186;46.5263954;16.0;2019-01-25 20:47:55.000000000
0;6.603552900000001;46.526353;16.0;2019-01-25 20:47:56.000000000
0;6.603643400000001;46.5263192;24.0;2019-01-25 20:47:57.000000000
0;6.6037707999999995;46.5262763;24.0;2019-01-25 20:47:58.000000000
0;6.6038992;46.5262271;24.0;2019-01-25 20:47:59.000000000
0;6.6040149999999995;46.52616629999999;24.0;2019-01-25 20:48:00.000000000
0;6.604118799999999;46.5261128;24.0;2019-01-25 20:48:01.000000000
0;6.6043711;46.5260695;24.0;2019-01-25 20:48:02.000000000
0;6.604468499999999;46.5260247;24.0;2019-01-25 20:48:03.000000000
0;6.604626700000001;46.5260646;24.0;2019-01-25 20:48:04.000000000
0;6.6047711;46.52602879999999;16.0;2019-01-25 20:48:05.000000000
0;6.6048924;46.5259906;16.0;2019-01-25 20:48:06.000000000
0;6.605004300000001;46.5259602;16.0;2019-01-25 20:48:07.000000000
0;6.6051397;46.5259206;16.0;2019-01-25 20:48:08.000000000
0;6.6052538;46.5258861;16.0;2019-01-25 20:48:09.000000000
0;6.605411800000001;46.5258206;16.0;2019-01-25 20:48:10.000000000
0;6.6055462;46.5257729;24.0;2019-01-25 20:48:11.000000000
0;6.605601200000001;46.5257306;24.0;2019-01-25 20:48:12.000000000
0;6.6057136;46.5256944;24.0;2019-01-25 20:48:13.000000000
0;6.605809900000001;46.5256615;12.0;2019-01-25 20:48:14.000000000
0;6.6059369000000006;46.525627899999996;12.0;2019-01-25 20:48:15.000000000
0;6.6061469;46.5255558;12.0;2019-01-25 20:48:16.000000000
0;6.6062174;46.5255115;12.0;2019-01-25 20:48:17.000000000
0;6.6062856;46.5255116;12.0;2019-01-25 20:48:18.000000000
0;6.6064074999999995;46.5254719;12.0;2019-01-25 20:48:19.000000000
0;6.606557400000001;46.5254074;12.0;2019-01-25 20:48:20.000000000
0;6.6066649;46.525369899999994;16.0;2019-01-25 20:48:21.000000000
0;6.606748;46.525349299999995;16.0;2019-01-25 20:48:22.000000000
0;6.6068277;46.5252836;12.0;2019-01-25 20:48:23.000000000
0;6.6069735000000005;46.5252188;16.0;2019-01-25 20:48:24.000000000
0;6.6070958;46.5251618;16.0;2019-01-25 20:48:25.000000000
0;6.6072043;46.5251187;16.0;2019-01-25 20:48:26.000000000
0;6.6073268;46.5250723;16.0;2019-01-25 20:48:27.000000000
0;6.6074307;46.525023299999994;24.0;2019-01-25 20:48:28.000000000
0;6.6075299;46.524985799999996;24.0;2019-01-25 20:48:29.000000000
0;6.6076147;46.5249568;24.0;2019-01-25 20:48:30.000000000
0;6.607701400000001;46.5249253;24.0;2019-01-25 20:48:31.000000000
0;6.6078035;46.5248983;16.0;2019-01-25 20:48:32.000000000
0;6.607902;46.524868700000006;16.0;2019-01-25 20:48:33.000000000
0;6.6079716;46.5248328;16.0;2019-01-25 20:48:34.000000000
0;6.608052799999999;46.524802799999996;16.0;2019-01-25 20:48:35.000000000
0;6.608111200000001;46.524783299999996;16.0;2019-01-25 20:48:36.000000000
0;6.6082077;46.5247575;16.0;2019-01-25 20:48:37.000000000
0;6.6082258000000005;46.524694399999994;16.0;2019-01-25 20:48:38.000000000
0;6.608331599999999;46.5246723;16.0;2019-01-25 20:48:39.000000000
0;6.608380599999999;46.5246393;16.0;2019-01-25 20:48:40.000000000
0;6.6084269;46.52462020000001;16.0;2019-01-25 20:48:41.000000000
0;6.608495;46.524574900000005;16.0;2019-01-25 20:48:42.000000000
0;6.6085423;46.5245522;16.0;2019-01-25 20:48:43.000000000
0;6.608571400000001;46.5245568;16.0;2019-01-25 20:48:44.000000000
0;6.608629;46.5245121;12.0;2019-01-25 20:48:45.000000000
0;6.608634599999999;46.5245095;12.0;2019-01-25 20:48:46.000000000
0;6.608782400000001;46.5244656;12.0;2019-01-25 20:48:47.000000000
0;6.608798200000001;46.5244558;12.0;2019-01-25 20:48:48.000000000
0;6.6088227;46.52442979999999;12.0;2019-01-25 20:48:49.000000000
0;6.608875500000001;46.52434829999999;16.0;2019-01-25 20:48:50.000000000
0;6.608919599999999;46.52433;16.0;2019-01-25 20:48:51.000000000
0;6.6089541;46.5243112;16.0;2019-01-25 20:48:52.000000000
0;6.6089723;46.52429779999999;16.0;2019-01-25 20:48:53.000000000
0;6.6089739000000005;46.5242958;24.0;2019-01-25 20:48:54.000000000
0;6.6089807;46.5242907;24.0;2019-01-25 20:48:55.000000000
0;6.6089918;46.5242846;24.0;2019-01-25 20:48:56.000000000
0;6.609010400000001;46.524276;24.0;2019-01-25 20:48:57.000000000
0;6.6090333;46.5242652;24.0;2019-01-25 20:48:58.000000000
0;6.6090584;46.5242533;32.0;2019-01-25 20:48:59.000000000
0;6.609084200000001;46.5242407;16.0;2019-01-25 20:49:00.000000000
0;6.60911;46.5242278;16.0;2019-01-25 20:49:01.000000000
0;6.6091354;46.5242153;16.0;2019-01-25 20:49:02.000000000
0;6.6088276;46.52376829999999;0.0;2019-01-25 20:49:15.250000000
0;6.6088276;46.52376829999999;0.0;2019-01-25 20:49:20.180999994
0;6.6088276;46.52376829999999;0.0;2019-01-25 20:49:25.184999943
0;6.6088276;46.52376829999999;0.0;2019-01-25 20:49:30.252999782
0;6.6088276;46.52376829999999;0.0;2019-01-25 20:49:36.674000025
0;6.6088276;46.52376829999999;0.0;2019-01-25 20:49:42.267000198
0;6.6088276;46.52376829999999;0.0;2019-01-25 20:49:47.151000023
0;6.6088276;46.52376829999999;0.0;2019-01-25 20:49:52.246000051
0;6.6088276;46.52376829999999;0.0;2019-01-25 20:49:58.687999964
0;6.6122817;46.5217555;0.0;2019-01-25 20:50:03.852999926
0;6.614040400000001;46.5216537;0.0;2019-01-25 20:50:08.755000114
0;6.6137578999999995;46.5219722;0.0;2019-01-25 20:50:13.785000086
0;6.614040400000001;46.5216537;0.0;2019-01-25 20:50:18.750000000
0;6.6146055;46.521016700000004;0.0;2019-01-25 20:50:23.812999964
0;6.6168686;46.520241999999996;32.0;2019-01-25 20:50:31.000000000
0;6.6169942;46.5201948;24.0;2019-01-25 20:50:32.000000000
0;6.6171371;46.52004960000001;24.0;2019-01-25 20:50:34.000000000
0;6.6172727;46.5198295;24.0;2019-01-25 20:50:36.000000000
0;6.6174713;46.519658299999996;24.0;2019-01-25 20:50:38.000000000
0;6.6177247999999995;46.519475799999995;24.0;2019-01-25 20:50:40.000000000
0;6.617923200000001;46.519316700000005;24.0;2019-01-25 20:50:42.000000000
0;6.618078999999999;46.519226200000006;24.0;2019-01-25 20:50:44.000000000
0;6.6182572;46.5191459;24.0;2019-01-25 20:50:46.000000000
0;6.6184822;46.519022;24.0;2019-01-25 20:50:48.000000000
0;6.6186848;46.518932899999996;24.0;2019-01-25 20:50:50.000000000
0;6.6188882;46.5188498;24.0;2019-01-25 20:50:52.000000000
0;6.619273599999999;46.5188148;24.0;2019-01-25 20:50:54.000000000
0;6.6195363;46.518726;16.0;2019-01-25 20:50:56.000000000
0;6.619793;46.518694599999996;12.0;2019-01-25 20:50:58.000000000
0;6.6200484;46.5186636;12.0;2019-01-25 20:51:00.000000000
0;6.6201544000000005;46.5186214;16.0;2019-01-25 20:51:02.000000000
0;6.620394999999999;46.5185256;16.0;2019-01-25 20:51:16.002000093
0;6.623410099999999;46.5174852;0.0;2019-01-25 20:51:22.589999914
0;6.620394999999999;46.5185256;16.0;2019-01-25 20:51:29.297000170
0;6.620394999999999;46.5185256;16.0;2019-01-25 20:51:34.365000010
0;6.6231946;46.5184447;24.0;2019-01-25 20:51:41.000000000
0;6.6234715;46.5184308;24.0;2019-01-25 20:51:42.000000000
0;6.6235258;46.5184158;24.0;2019-01-25 20:51:43.000000000
0;6.624203200000001;46.518006799999995;24.0;2019-01-25 20:51:44.000000000
0;6.624759;46.5177143;24.0;2019-01-25 20:51:45.000000000
0;6.6250891;46.517540600000004;24.0;2019-01-25 20:51:44.422000170
0;6.625405199999999;46.5174036;24.0;2019-01-25 20:51:46.000000000
0;6.625641900000001;46.5172976;24.0;2019-01-25 20:51:47.000000000
0;6.6257204;46.51728;24.0;2019-01-25 20:51:48.000000000
0;6.6259648;46.51722;24.0;2019-01-25 20:51:49.000000000
0;6.626116499999999;46.5171812;24.0;2019-01-25 20:51:50.000000000
0;6.6262345;46.5171498;24.0;2019-01-25 20:51:51.000000000
0;6.6263466;46.5171223;24.0;2019-01-25 20:51:52.000000000
0;6.6264697;46.51708729999999;16.0;2019-01-25 20:51:53.000000000
0;6.6267783;46.516944;16.0;2019-01-25 20:51:54.000000000
0;6.626825999999999;46.5169281;16.0;2019-01-25 20:51:55.000000000
0;6.626885499999999;46.5169471;16.0;2019-01-25 20:51:56.000000000
0;6.626831;46.5170824;16.0;2019-01-25 20:51:57.000000000
0;6.626920200000001;46.5170717;16.0;2019-01-25 20:51:58.000000000
0;6.6269674;46.5170588;16.0;2019-01-25 20:51:59.000000000
0;6.6270697;46.5169999;16.0;2019-01-25 20:52:00.000000000
0;6.6270976;46.5170143;24.0;2019-01-25 20:52:01.000000000
0;6.6271285;46.517016;24.0;2019-01-25 20:52:02.000000000
0;6.6271606;46.5170141;24.0;2019-01-25 20:52:03.000000000
0;6.627205099999999;46.5170153;24.0;2019-01-25 20:52:04.000000000
0;6.6272594;46.5170156;24.0;2019-01-25 20:52:05.000000000
0;6.627302499999999;46.5170019;12.0;2019-01-25 20:52:06.000000000
0;6.6273304;46.5169964;12.0;2019-01-25 20:52:07.000000000
0;6.6273527;46.5169898;12.0;2019-01-25 20:52:08.000000000
0;6.6273770999999995;46.516975200000005;12.0;2019-01-25 20:52:09.000000000
0;6.627407099999999;46.5169554;12.0;2019-01-25 20:52:10.000000000
0;6.627428999999999;46.51694570000001;16.0;2019-01-25 20:52:11.000000000
0;6.627444500000001;46.516940399999996;16.0;2019-01-25 20:52:12.000000000
0;6.6274571;46.5169352;24.0;2019-01-25 20:52:13.000000000
